Warning: Git working directory is not clean. Uncommitted changes:
?? DeepGEMM.tar.gz
?? DeepGEMM/
?? DeepGEMMAsym/
?? demo/
running build_ext
building 'asym_gemm._C' extension
creating build/temp.linux-aarch64-cpython-312/csrc
aarch64-linux-gnu-g++ -fno-strict-overflow -Wsign-compare -DNDEBUG -g -O2 -Wall -fPIC -I/usr/local/cuda/include -I/usr/local/cuda/include/cccl -Iasym_gemm/include -Ithird-party/cutlass/include -Ithird-party/fmt/include -I/usr/local/lib/python3.12/dist-packages/torch/include -I/usr/local/lib/python3.12/dist-packages/torch/include/torch/csrc/api/include -I/usr/local/cuda/include -I/usr/include/python3.12 -c csrc/python_api.cpp -o build/temp.linux-aarch64-cpython-312/csrc/python_api.o -std=c++17 -O3 -fPIC -Wno-psabi -Wno-deprecated-declarations -D_GLIBCXX_USE_CXX11_ABI=1
In file included from csrc/apis/attention.hpp:9,
                 from csrc/python_api.cpp:4:
csrc/apis/../jit_kernels/impls/sm100_fp8_asym_gemm_1d1d.hpp: In function ‘void asym_gemm::sm100_m_grouped_fp8_asym_gemm_contiguous_1d1d(const at::Tensor&, const at::Tensor&, const at::Tensor&, const at::Tensor&, const at::Tensor&, const at::Tensor&, const int&, const int&, const int&, const int&, const cute::UMMA::Major&, const cute::UMMA::Major&, const std::string&)’:
csrc/apis/../jit_kernels/impls/sm100_fp8_asym_gemm_1d1d.hpp:168:9: warning: unused variable ‘M’ [-Wunused-variable]
  168 |     int M = (int)m_indices_cpu.numel();
      |         ^
In file included from csrc/apis/gemm.hpp:6,
                 from csrc/apis/einsum.hpp:10,
                 from csrc/python_api.cpp:5:
csrc/apis/../jit_kernels/impls/sm100_bf16_asym_gemm.hpp: In function ‘void asym_gemm::sm100_m_grouped_bf16_asym_gemm_contiguous(const at::Tensor&, const at::Tensor&, const at::Tensor&, const at::Tensor&, const at::Tensor&, const int&, const int&, const int&, const int&, const int&, const cute::UMMA::Major&, const cute::UMMA::Major&, const std::string&)’:
csrc/apis/../jit_kernels/impls/sm100_bf16_asym_gemm.hpp:166:9: warning: unused variable ‘max_len’ [-Wunused-variable]
  166 |     int max_len = (int)b.size(0) + 1;
      |         ^~~~~~~
csrc/apis/gemm.hpp: In function ‘void asym_gemm::gemm::m_grouped_bf16_asym_gemm_nt_contiguous(const at::Tensor&, const at::Tensor&, const at::Tensor&, const at::Tensor&, const at::Tensor&, const int&, const std::string&)’:
csrc/apis/gemm.hpp:62:17: warning: unused structured binding declaration [-Wunused-variable]
   62 |     const auto& [m_, n_] = get_shape<2>(d);
      |                 ^~~~~~~~
csrc/apis/gemm.hpp:80:17: warning: unused variable ‘arch_major’ [-Wunused-variable]
   80 |     const auto& arch_major = device_runtime->get_arch_major();
      |                 ^~~~~~~~~~
creating build/lib.linux-aarch64-cpython-312/asym_gemm
aarch64-linux-gnu-g++ -fno-strict-overflow -Wsign-compare -DNDEBUG -g -O2 -Wall -shared -Wl,-O1 -Wl,-Bsymbolic-functions build/temp.linux-aarch64-cpython-312/csrc/python_api.o -L/usr/local/cuda/lib64 -L/usr/local/lib/python3.12/dist-packages/torch/lib -L/usr/local/cuda/lib64 -L/usr/lib/aarch64-linux-gnu -lcudart -lnvrtc -lc10 -ltorch -ltorch_cpu -ltorch_python -lcudart -lc10_cuda -ltorch_cuda -o build/lib.linux-aarch64-cpython-312/asym_gemm/_C.cpython-312-aarch64-linux-gnu.so
copying build/lib.linux-aarch64-cpython-312/asym_gemm/_C.cpython-312-aarch64-linux-gnu.so -> asym_gemm
Warning: Git working directory is not clean. Uncommitted changes:
?? DeepGEMM.tar.gz
?? DeepGEMM/
?? DeepGEMMAsym/
?? demo/
running bdist_wheel
running build
running build_py
Warning: C++ function "string" not found in any .cpp file
.pyi file generated: stubs/_C.pyi
Copying .pyi file from /sgl-workspace/sglang/DeepGEMM/stubs/_C.pyi to build/lib.linux-aarch64-cpython-312/asym_gemm/_C.pyi
copying asym_gemm/__init__.py -> build/lib.linux-aarch64-cpython-312/asym_gemm
creating build/lib.linux-aarch64-cpython-312/asym_gemm/testing
copying asym_gemm/testing/utils.py -> build/lib.linux-aarch64-cpython-312/asym_gemm/testing
copying asym_gemm/testing/numeric.py -> build/lib.linux-aarch64-cpython-312/asym_gemm/testing
copying asym_gemm/testing/__init__.py -> build/lib.linux-aarch64-cpython-312/asym_gemm/testing
copying asym_gemm/testing/bench.py -> build/lib.linux-aarch64-cpython-312/asym_gemm/testing
creating build/lib.linux-aarch64-cpython-312/asym_gemm/legacy
copying asym_gemm/legacy/a_fused_m_grouped_gemm.py -> build/lib.linux-aarch64-cpython-312/asym_gemm/legacy
copying asym_gemm/legacy/a_fused_k_grouped_gemm.py -> build/lib.linux-aarch64-cpython-312/asym_gemm/legacy
copying asym_gemm/legacy/b_fused_k_grouped_gemm.py -> build/lib.linux-aarch64-cpython-312/asym_gemm/legacy
copying asym_gemm/legacy/__init__.py -> build/lib.linux-aarch64-cpython-312/asym_gemm/legacy
copying asym_gemm/legacy/m_grouped_gemm.py -> build/lib.linux-aarch64-cpython-312/asym_gemm/legacy
copying asym_gemm/legacy/tune_options.py -> build/lib.linux-aarch64-cpython-312/asym_gemm/legacy
creating build/lib.linux-aarch64-cpython-312/asym_gemm/utils
copying asym_gemm/utils/layout.py -> build/lib.linux-aarch64-cpython-312/asym_gemm/utils
copying asym_gemm/utils/math.py -> build/lib.linux-aarch64-cpython-312/asym_gemm/utils
copying asym_gemm/utils/__init__.py -> build/lib.linux-aarch64-cpython-312/asym_gemm/utils
creating build/lib.linux-aarch64-cpython-312/asym_gemm/include/asym_gemm/impls
copying asym_gemm/include/asym_gemm/impls/smxx_clean_logits.cuh -> build/lib.linux-aarch64-cpython-312/asym_gemm/include/asym_gemm/impls
copying asym_gemm/include/asym_gemm/impls/smxx_layout.cuh -> build/lib.linux-aarch64-cpython-312/asym_gemm/include/asym_gemm/impls
copying asym_gemm/include/asym_gemm/impls/sm100_bf16_asym_gemm.cuh -> build/lib.linux-aarch64-cpython-312/asym_gemm/include/asym_gemm/impls
creating build/lib.linux-aarch64-cpython-312/asym_gemm/include/asym_gemm/common
copying asym_gemm/include/asym_gemm/common/sm90_utils.cuh -> build/lib.linux-aarch64-cpython-312/asym_gemm/include/asym_gemm/common
copying asym_gemm/include/asym_gemm/common/scheduler.cuh -> build/lib.linux-aarch64-cpython-312/asym_gemm/include/asym_gemm/common
copying asym_gemm/include/asym_gemm/common/cute_tie.cuh -> build/lib.linux-aarch64-cpython-312/asym_gemm/include/asym_gemm/common
copying asym_gemm/include/asym_gemm/common/sm100_utils.cuh -> build/lib.linux-aarch64-cpython-312/asym_gemm/include/asym_gemm/common
copying asym_gemm/include/asym_gemm/common/tma_utils.cuh -> build/lib.linux-aarch64-cpython-312/asym_gemm/include/asym_gemm/common
copying asym_gemm/include/asym_gemm/common/reduction.cuh -> build/lib.linux-aarch64-cpython-312/asym_gemm/include/asym_gemm/common
copying asym_gemm/include/asym_gemm/common/utils.cuh -> build/lib.linux-aarch64-cpython-312/asym_gemm/include/asym_gemm/common
copying asym_gemm/include/asym_gemm/common/types.hpp -> build/lib.linux-aarch64-cpython-312/asym_gemm/include/asym_gemm/common
copying asym_gemm/include/asym_gemm/common/asymScheduler.cuh -> build/lib.linux-aarch64-cpython-312/asym_gemm/include/asym_gemm/common
copying asym_gemm/include/asym_gemm/common/epilogue_utils.cuh -> build/lib.linux-aarch64-cpython-312/asym_gemm/include/asym_gemm/common
running build_ext
/usr/local/lib/python3.12/dist-packages/setuptools/_distutils/cmd.py:90: SetuptoolsDeprecationWarning: setup.py install is deprecated.
!!

        ********************************************************************************
        Please avoid running ``setup.py`` directly.
        Instead, use pypa/build, pypa/installer or other
        standards-based tools.

        This deprecation is overdue, please update your project and remove deprecated
        calls to avoid build errors in the future.

        See https://blog.ganssle.io/articles/2021/10/setup-py-deprecated.html for details.
        ********************************************************************************

!!
  self.initialize_options()
installing to build/bdist.linux-aarch64/wheel
running install
running install_lib
creating build/bdist.linux-aarch64/wheel
creating build/bdist.linux-aarch64/wheel/asym_gemm
copying build/lib.linux-aarch64-cpython-312/asym_gemm/envs.py -> build/bdist.linux-aarch64/wheel/./asym_gemm
creating build/bdist.linux-aarch64/wheel/asym_gemm/testing
copying build/lib.linux-aarch64-cpython-312/asym_gemm/testing/utils.py -> build/bdist.linux-aarch64/wheel/./asym_gemm/testing
copying build/lib.linux-aarch64-cpython-312/asym_gemm/testing/numeric.py -> build/bdist.linux-aarch64/wheel/./asym_gemm/testing
copying build/lib.linux-aarch64-cpython-312/asym_gemm/testing/__init__.py -> build/bdist.linux-aarch64/wheel/./asym_gemm/testing
copying build/lib.linux-aarch64-cpython-312/asym_gemm/testing/bench.py -> build/bdist.linux-aarch64/wheel/./asym_gemm/testing
creating build/bdist.linux-aarch64/wheel/asym_gemm/include
creating build/bdist.linux-aarch64/wheel/asym_gemm/include/cute
creating build/bdist.linux-aarch64/wheel/asym_gemm/include/cute/container
copying build/lib.linux-aarch64-cpython-312/asym_gemm/include/cute/container/tuple.hpp -> build/bdist.linux-aarch64/wheel/./asym_gemm/include/cute/container
copying build/lib.linux-aarch64-cpython-312/asym_gemm/include/cute/container/alignment.hpp -> build/bdist.linux-aarch64/wheel/./asym_gemm/include/cute/container
copying build/lib.linux-aarch64-cpython-312/asym_gemm/include/cute/container/bit_field.hpp -> build/bdist.linux-aarch64/wheel/./asym_gemm/include/cute/container
copying build/lib.linux-aarch64-cpython-312/asym_gemm/include/cute/container/type_list.hpp -> build/bdist.linux-aarch64/wheel/./asym_gemm/include/cute/container
copying build/lib.linux-aarch64-cpython-312/asym_gemm/include/cute/container/cuda_types.hpp -> build/bdist.linux-aarch64/wheel/./asym_gemm/include/cute/container
copying build/lib.linux-aarch64-cpython-312/asym_gemm/include/cute/container/array_subbyte.hpp -> build/bdist.linux-aarch64/wheel/./asym_gemm/include/cute/container
copying build/lib.linux-aarch64-cpython-312/asym_gemm/include/cute/container/array.hpp -> build/bdist.linux-aarch64/wheel/./asym_gemm/include/cute/container
copying build/lib.linux-aarch64-cpython-312/asym_gemm/include/cute/container/array_aligned.hpp -> build/bdist.linux-aarch64/wheel/./asym_gemm/include/cute/container
copying build/lib.linux-aarch64-cpython-312/asym_gemm/include/cute/underscore.hpp -> build/bdist.linux-aarch64/wheel/./asym_gemm/include/cute
creating build/bdist.linux-aarch64/wheel/asym_gemm/include/cute/atom
copying build/lib.linux-aarch64-cpython-312/asym_gemm/include/cute/atom/mma_traits_sm89.hpp -> build/bdist.linux-aarch64/wheel/./asym_gemm/include/cute/atom
copying build/lib.linux-aarch64-cpython-312/asym_gemm/include/cute/atom/copy_atom.hpp -> build/bdist.linux-aarch64/wheel/./asym_gemm/include/cute/atom
copying build/lib.linux-aarch64-cpython-312/asym_gemm/include/cute/atom/mma_traits_sm61.hpp -> build/bdist.linux-aarch64/wheel/./asym_gemm/include/cute/atom
copying build/lib.linux-aarch64-cpython-312/asym_gemm/include/cute/atom/mma_traits_sm70.hpp -> build/bdist.linux-aarch64/wheel/./asym_gemm/include/cute/atom
copying build/lib.linux-aarch64-cpython-312/asym_gemm/include/cute/atom/mma_traits_sm80.hpp -> build/bdist.linux-aarch64/wheel/./asym_gemm/include/cute/atom
copying build/lib.linux-aarch64-cpython-312/asym_gemm/include/cute/atom/copy_traits_sm80.hpp -> build/bdist.linux-aarch64/wheel/./asym_gemm/include/cute/atom
copying build/lib.linux-aarch64-cpython-312/asym_gemm/include/cute/atom/copy_traits_sm100.hpp -> build/bdist.linux-aarch64/wheel/./asym_gemm/include/cute/atom
copying build/lib.linux-aarch64-cpython-312/asym_gemm/include/cute/atom/copy_traits.hpp -> build/bdist.linux-aarch64/wheel/./asym_gemm/include/cute/atom
copying build/lib.linux-aarch64-cpython-312/asym_gemm/include/cute/atom/copy_traits_sm90_tma.hpp -> build/bdist.linux-aarch64/wheel/./asym_gemm/include/cute/atom
copying build/lib.linux-aarch64-cpython-312/asym_gemm/include/cute/atom/copy_traits_sm90_tma_swizzle.hpp -> build/bdist.linux-aarch64/wheel/./asym_gemm/include/cute/atom
copying build/lib.linux-aarch64-cpython-312/asym_gemm/include/cute/atom/copy_traits_sm100_im2col.hpp -> build/bdist.linux-aarch64/wheel/./asym_gemm/include/cute/atom
copying build/lib.linux-aarch64-cpython-312/asym_gemm/include/cute/atom/mma_traits_sm120_sparse.hpp -> build/bdist.linux-aarch64/wheel/./asym_gemm/include/cute/atom
copying build/lib.linux-aarch64-cpython-312/asym_gemm/include/cute/atom/mma_traits_sm90_gmma_sparse.hpp -> build/bdist.linux-aarch64/wheel/./asym_gemm/include/cute/atom
copying build/lib.linux-aarch64-cpython-312/asym_gemm/include/cute/atom/copy_traits_sm100_tma.hpp -> build/bdist.linux-aarch64/wheel/./asym_gemm/include/cute/atom
copying build/lib.linux-aarch64-cpython-312/asym_gemm/include/cute/atom/copy_traits_sm75.hpp -> build/bdist.linux-aarch64/wheel/./asym_gemm/include/cute/atom
copying build/lib.linux-aarch64-cpython-312/asym_gemm/include/cute/atom/mma_traits_sm90_gmma_ext.hpp -> build/bdist.linux-aarch64/wheel/./asym_gemm/include/cute/atom
copying build/lib.linux-aarch64-cpython-312/asym_gemm/include/cute/atom/copy_traits_sm50.hpp -> build/bdist.linux-aarch64/wheel/./asym_gemm/include/cute/atom
copying build/lib.linux-aarch64-cpython-312/asym_gemm/include/cute/atom/mma_traits.hpp -> build/bdist.linux-aarch64/wheel/./asym_gemm/include/cute/atom
copying build/lib.linux-aarch64-cpython-312/asym_gemm/include/cute/atom/copy_traits_sm90_im2col.hpp -> build/bdist.linux-aarch64/wheel/./asym_gemm/include/cute/atom
copying build/lib.linux-aarch64-cpython-312/asym_gemm/include/cute/atom/mma_traits_sm100.hpp -> build/bdist.linux-aarch64/wheel/./asym_gemm/include/cute/atom
copying build/lib.linux-aarch64-cpython-312/asym_gemm/include/cute/atom/mma_traits_sm90_gmma.hpp -> build/bdist.linux-aarch64/wheel/./asym_gemm/include/cute/atom
copying build/lib.linux-aarch64-cpython-312/asym_gemm/include/cute/atom/mma_traits_sm75.hpp -> build/bdist.linux-aarch64/wheel/./asym_gemm/include/cute/atom
copying build/lib.linux-aarch64-cpython-312/asym_gemm/include/cute/atom/mma_traits_sm90.hpp -> build/bdist.linux-aarch64/wheel/./asym_gemm/include/cute/atom
copying build/lib.linux-aarch64-cpython-312/asym_gemm/include/cute/atom/mma_atom.hpp -> build/bdist.linux-aarch64/wheel/./asym_gemm/include/cute/atom
copying build/lib.linux-aarch64-cpython-312/asym_gemm/include/cute/atom/mma_traits_sm90_gmma_sparse_ext.hpp -> build/bdist.linux-aarch64/wheel/./asym_gemm/include/cute/atom
copying build/lib.linux-aarch64-cpython-312/asym_gemm/include/cute/atom/copy_traits_sm90.hpp -> build/bdist.linux-aarch64/wheel/./asym_gemm/include/cute/atom
copying build/lib.linux-aarch64-cpython-312/asym_gemm/include/cute/atom/partitioner.hpp -> build/bdist.linux-aarch64/wheel/./asym_gemm/include/cute/atom
copying build/lib.linux-aarch64-cpython-312/asym_gemm/include/cute/atom/mma_traits_sm120.hpp -> build/bdist.linux-aarch64/wheel/./asym_gemm/include/cute/atom
copying build/lib.linux-aarch64-cpython-312/asym_gemm/include/cute/tensor_impl.hpp -> build/bdist.linux-aarch64/wheel/./asym_gemm/include/cute
copying build/lib.linux-aarch64-cpython-312/asym_gemm/include/cute/pointer_flagged.hpp -> build/bdist.linux-aarch64/wheel/./asym_gemm/include/cute
copying build/lib.linux-aarch64-cpython-312/asym_gemm/include/cute/tensor_zip.hpp -> build/bdist.linux-aarch64/wheel/./asym_gemm/include/cute
copying build/lib.linux-aarch64-cpython-312/asym_gemm/include/cute/pointer.hpp -> build/bdist.linux-aarch64/wheel/./asym_gemm/include/cute
copying build/lib.linux-aarch64-cpython-312/asym_gemm/include/cute/layout_composed.hpp -> build/bdist.linux-aarch64/wheel/./asym_gemm/include/cute
creating build/bdist.linux-aarch64/wheel/asym_gemm/include/cute/numeric
copying build/lib.linux-aarch64-cpython-312/asym_gemm/include/cute/numeric/numeric_types.hpp -> build/bdist.linux-aarch64/wheel/./asym_gemm/include/cute/numeric
copying build/lib.linux-aarch64-cpython-312/asym_gemm/include/cute/numeric/arithmetic_tuple.hpp -> build/bdist.linux-aarch64/wheel/./asym_gemm/include/cute/numeric
copying build/lib.linux-aarch64-cpython-312/asym_gemm/include/cute/numeric/real.hpp -> build/bdist.linux-aarch64/wheel/./asym_gemm/include/cute/numeric
copying build/lib.linux-aarch64-cpython-312/asym_gemm/include/cute/numeric/complex.hpp -> build/bdist.linux-aarch64/wheel/./asym_gemm/include/cute/numeric
copying build/lib.linux-aarch64-cpython-312/asym_gemm/include/cute/numeric/integer_sequence.hpp -> build/bdist.linux-aarch64/wheel/./asym_gemm/include/cute/numeric
copying build/lib.linux-aarch64-cpython-312/asym_gemm/include/cute/numeric/int.hpp -> build/bdist.linux-aarch64/wheel/./asym_gemm/include/cute/numeric
copying build/lib.linux-aarch64-cpython-312/asym_gemm/include/cute/numeric/math.hpp -> build/bdist.linux-aarch64/wheel/./asym_gemm/include/cute/numeric
copying build/lib.linux-aarch64-cpython-312/asym_gemm/include/cute/numeric/integral_ratio.hpp -> build/bdist.linux-aarch64/wheel/./asym_gemm/include/cute/numeric
copying build/lib.linux-aarch64-cpython-312/asym_gemm/include/cute/numeric/integral_constant.hpp -> build/bdist.linux-aarch64/wheel/./asym_gemm/include/cute/numeric
copying build/lib.linux-aarch64-cpython-312/asym_gemm/include/cute/tensor.hpp -> build/bdist.linux-aarch64/wheel/./asym_gemm/include/cute
creating build/bdist.linux-aarch64/wheel/asym_gemm/include/cute/arch
copying build/lib.linux-aarch64-cpython-312/asym_gemm/include/cute/arch/mma_sm80.hpp -> build/bdist.linux-aarch64/wheel/./asym_gemm/include/cute/arch
copying build/lib.linux-aarch64-cpython-312/asym_gemm/include/cute/arch/mma_sm120.hpp -> build/bdist.linux-aarch64/wheel/./asym_gemm/include/cute/arch
copying build/lib.linux-aarch64-cpython-312/asym_gemm/include/cute/arch/copy_sm100_tma.hpp -> build/bdist.linux-aarch64/wheel/./asym_gemm/include/cute/arch
copying build/lib.linux-aarch64-cpython-312/asym_gemm/include/cute/arch/mma_sm100_umma.hpp -> build/bdist.linux-aarch64/wheel/./asym_gemm/include/cute/arch
copying build/lib.linux-aarch64-cpython-312/asym_gemm/include/cute/arch/mma_sm90_gmma_ext.hpp -> build/bdist.linux-aarch64/wheel/./asym_gemm/include/cute/arch
copying build/lib.linux-aarch64-cpython-312/asym_gemm/include/cute/arch/cluster_sm90.hpp -> build/bdist.linux-aarch64/wheel/./asym_gemm/include/cute/arch
copying build/lib.linux-aarch64-cpython-312/asym_gemm/include/cute/arch/tmem_allocator_sm100.hpp -> build/bdist.linux-aarch64/wheel/./asym_gemm/include/cute/arch
copying build/lib.linux-aarch64-cpython-312/asym_gemm/include/cute/arch/copy_sm75.hpp -> build/bdist.linux-aarch64/wheel/./asym_gemm/include/cute/arch
copying build/lib.linux-aarch64-cpython-312/asym_gemm/include/cute/arch/copy_sm50.hpp -> build/bdist.linux-aarch64/wheel/./asym_gemm/include/cute/arch
copying build/lib.linux-aarch64-cpython-312/asym_gemm/include/cute/arch/copy_sm90_tma.hpp -> build/bdist.linux-aarch64/wheel/./asym_gemm/include/cute/arch
copying build/lib.linux-aarch64-cpython-312/asym_gemm/include/cute/arch/mma_sm100.hpp -> build/bdist.linux-aarch64/wheel/./asym_gemm/include/cute/arch
copying build/lib.linux-aarch64-cpython-312/asym_gemm/include/cute/arch/mma_sm75.hpp -> build/bdist.linux-aarch64/wheel/./asym_gemm/include/cute/arch
copying build/lib.linux-aarch64-cpython-312/asym_gemm/include/cute/arch/mma_sm70.hpp -> build/bdist.linux-aarch64/wheel/./asym_gemm/include/cute/arch
copying build/lib.linux-aarch64-cpython-312/asym_gemm/include/cute/arch/mma_sm100_desc.hpp -> build/bdist.linux-aarch64/wheel/./asym_gemm/include/cute/arch
copying build/lib.linux-aarch64-cpython-312/asym_gemm/include/cute/arch/mma.hpp -> build/bdist.linux-aarch64/wheel/./asym_gemm/include/cute/arch
copying build/lib.linux-aarch64-cpython-312/asym_gemm/include/cute/arch/copy_sm80.hpp -> build/bdist.linux-aarch64/wheel/./asym_gemm/include/cute/arch
copying build/lib.linux-aarch64-cpython-312/asym_gemm/include/cute/arch/mma_sm90_gmma_sparse_ext.hpp -> build/bdist.linux-aarch64/wheel/./asym_gemm/include/cute/arch
copying build/lib.linux-aarch64-cpython-312/asym_gemm/include/cute/arch/mma_sm90_gmma.hpp -> build/bdist.linux-aarch64/wheel/./asym_gemm/include/cute/arch
copying build/lib.linux-aarch64-cpython-312/asym_gemm/include/cute/arch/mma_sm120_sparse.hpp -> build/bdist.linux-aarch64/wheel/./asym_gemm/include/cute/arch
copying build/lib.linux-aarch64-cpython-312/asym_gemm/include/cute/arch/cluster_sm100.hpp -> build/bdist.linux-aarch64/wheel/./asym_gemm/include/cute/arch
copying build/lib.linux-aarch64-cpython-312/asym_gemm/include/cute/arch/mma_sm90_gmma_sparse.hpp -> build/bdist.linux-aarch64/wheel/./asym_gemm/include/cute/arch
copying build/lib.linux-aarch64-cpython-312/asym_gemm/include/cute/arch/mma_sm89.hpp -> build/bdist.linux-aarch64/wheel/./asym_gemm/include/cute/arch
copying build/lib.linux-aarch64-cpython-312/asym_gemm/include/cute/arch/util.hpp -> build/bdist.linux-aarch64/wheel/./asym_gemm/include/cute/arch
copying build/lib.linux-aarch64-cpython-312/asym_gemm/include/cute/arch/mma_sm90.hpp -> build/bdist.linux-aarch64/wheel/./asym_gemm/include/cute/arch
copying build/lib.linux-aarch64-cpython-312/asym_gemm/include/cute/arch/config.hpp -> build/bdist.linux-aarch64/wheel/./asym_gemm/include/cute/arch
copying build/lib.linux-aarch64-cpython-312/asym_gemm/include/cute/arch/mma_sm90_desc.hpp -> build/bdist.linux-aarch64/wheel/./asym_gemm/include/cute/arch
copying build/lib.linux-aarch64-cpython-312/asym_gemm/include/cute/arch/copy_sm90.hpp -> build/bdist.linux-aarch64/wheel/./asym_gemm/include/cute/arch
copying build/lib.linux-aarch64-cpython-312/asym_gemm/include/cute/arch/copy_sm90_desc.hpp -> build/bdist.linux-aarch64/wheel/./asym_gemm/include/cute/arch
copying build/lib.linux-aarch64-cpython-312/asym_gemm/include/cute/arch/simd_sm100.hpp -> build/bdist.linux-aarch64/wheel/./asym_gemm/include/cute/arch
copying build/lib.linux-aarch64-cpython-312/asym_gemm/include/cute/arch/mma_sm61.hpp -> build/bdist.linux-aarch64/wheel/./asym_gemm/include/cute/arch
copying build/lib.linux-aarch64-cpython-312/asym_gemm/include/cute/arch/copy_sm100.hpp -> build/bdist.linux-aarch64/wheel/./asym_gemm/include/cute/arch
copying build/lib.linux-aarch64-cpython-312/asym_gemm/include/cute/arch/copy.hpp -> build/bdist.linux-aarch64/wheel/./asym_gemm/include/cute/arch
copying build/lib.linux-aarch64-cpython-312/asym_gemm/include/cute/layout.hpp -> build/bdist.linux-aarch64/wheel/./asym_gemm/include/cute
creating build/bdist.linux-aarch64/wheel/asym_gemm/include/cute/algorithm
copying build/lib.linux-aarch64-cpython-312/asym_gemm/include/cute/algorithm/clear.hpp -> build/bdist.linux-aarch64/wheel/./asym_gemm/include/cute/algorithm
copying build/lib.linux-aarch64-cpython-312/asym_gemm/include/cute/algorithm/gemm.hpp -> build/bdist.linux-aarch64/wheel/./asym_gemm/include/cute/algorithm
copying build/lib.linux-aarch64-cpython-312/asym_gemm/include/cute/algorithm/functional.hpp -> build/bdist.linux-aarch64/wheel/./asym_gemm/include/cute/algorithm
copying build/lib.linux-aarch64-cpython-312/asym_gemm/include/cute/algorithm/fill.hpp -> build/bdist.linux-aarch64/wheel/./asym_gemm/include/cute/algorithm
copying build/lib.linux-aarch64-cpython-312/asym_gemm/include/cute/algorithm/cooperative_gemm.hpp -> build/bdist.linux-aarch64/wheel/./asym_gemm/include/cute/algorithm
copying build/lib.linux-aarch64-cpython-312/asym_gemm/include/cute/algorithm/tensor_algorithms.hpp -> build/bdist.linux-aarch64/wheel/./asym_gemm/include/cute/algorithm
copying build/lib.linux-aarch64-cpython-312/asym_gemm/include/cute/algorithm/axpby.hpp -> build/bdist.linux-aarch64/wheel/./asym_gemm/include/cute/algorithm
copying build/lib.linux-aarch64-cpython-312/asym_gemm/include/cute/algorithm/tensor_reduce.hpp -> build/bdist.linux-aarch64/wheel/./asym_gemm/include/cute/algorithm
copying build/lib.linux-aarch64-cpython-312/asym_gemm/include/cute/algorithm/tuple_algorithms.hpp -> build/bdist.linux-aarch64/wheel/./asym_gemm/include/cute/algorithm
copying build/lib.linux-aarch64-cpython-312/asym_gemm/include/cute/algorithm/prefer.hpp -> build/bdist.linux-aarch64/wheel/./asym_gemm/include/cute/algorithm
copying build/lib.linux-aarch64-cpython-312/asym_gemm/include/cute/algorithm/cooperative_copy.hpp -> build/bdist.linux-aarch64/wheel/./asym_gemm/include/cute/algorithm
copying build/lib.linux-aarch64-cpython-312/asym_gemm/include/cute/algorithm/prefetch.hpp -> build/bdist.linux-aarch64/wheel/./asym_gemm/include/cute/algorithm
copying build/lib.linux-aarch64-cpython-312/asym_gemm/include/cute/algorithm/copy.hpp -> build/bdist.linux-aarch64/wheel/./asym_gemm/include/cute/algorithm
copying build/lib.linux-aarch64-cpython-312/asym_gemm/include/cute/pointer_sparse.hpp -> build/bdist.linux-aarch64/wheel/./asym_gemm/include/cute
copying build/lib.linux-aarch64-cpython-312/asym_gemm/include/cute/pointer_swizzle.hpp -> build/bdist.linux-aarch64/wheel/./asym_gemm/include/cute
copying build/lib.linux-aarch64-cpython-312/asym_gemm/include/cute/swizzle_layout.hpp -> build/bdist.linux-aarch64/wheel/./asym_gemm/include/cute
copying build/lib.linux-aarch64-cpython-312/asym_gemm/include/cute/config.hpp -> build/bdist.linux-aarch64/wheel/./asym_gemm/include/cute
copying build/lib.linux-aarch64-cpython-312/asym_gemm/include/cute/pointer_base.hpp -> build/bdist.linux-aarch64/wheel/./asym_gemm/include/cute
creating build/bdist.linux-aarch64/wheel/asym_gemm/include/cute/util
copying build/lib.linux-aarch64-cpython-312/asym_gemm/include/cute/util/debug.hpp -> build/bdist.linux-aarch64/wheel/./asym_gemm/include/cute/util
copying build/lib.linux-aarch64-cpython-312/asym_gemm/include/cute/util/print_tensor.hpp -> build/bdist.linux-aarch64/wheel/./asym_gemm/include/cute/util
copying build/lib.linux-aarch64-cpython-312/asym_gemm/include/cute/util/print_svg.hpp -> build/bdist.linux-aarch64/wheel/./asym_gemm/include/cute/util
copying build/lib.linux-aarch64-cpython-312/asym_gemm/include/cute/util/type_traits.hpp -> build/bdist.linux-aarch64/wheel/./asym_gemm/include/cute/util
copying build/lib.linux-aarch64-cpython-312/asym_gemm/include/cute/util/print.hpp -> build/bdist.linux-aarch64/wheel/./asym_gemm/include/cute/util
copying build/lib.linux-aarch64-cpython-312/asym_gemm/include/cute/util/print_latex.hpp -> build/bdist.linux-aarch64/wheel/./asym_gemm/include/cute/util
copying build/lib.linux-aarch64-cpython-312/asym_gemm/include/cute/swizzle.hpp -> build/bdist.linux-aarch64/wheel/./asym_gemm/include/cute
copying build/lib.linux-aarch64-cpython-312/asym_gemm/include/cute/int_tuple.hpp -> build/bdist.linux-aarch64/wheel/./asym_gemm/include/cute
copying build/lib.linux-aarch64-cpython-312/asym_gemm/include/cute/stride.hpp -> build/bdist.linux-aarch64/wheel/./asym_gemm/include/cute
creating build/bdist.linux-aarch64/wheel/asym_gemm/include/cutlass
copying build/lib.linux-aarch64-cpython-312/asym_gemm/include/cutlass/gemm_coord.hpp -> build/bdist.linux-aarch64/wheel/./asym_gemm/include/cutlass
copying build/lib.linux-aarch64-cpython-312/asym_gemm/include/cutlass/half.h -> build/bdist.linux-aarch64/wheel/./asym_gemm/include/cutlass
copying build/lib.linux-aarch64-cpython-312/asym_gemm/include/cutlass/trace.h -> build/bdist.linux-aarch64/wheel/./asym_gemm/include/cutlass
copying build/lib.linux-aarch64-cpython-312/asym_gemm/include/cutlass/tfloat32.h -> build/bdist.linux-aarch64/wheel/./asym_gemm/include/cutlass
copying build/lib.linux-aarch64-cpython-312/asym_gemm/include/cutlass/tensor_ref.h -> build/bdist.linux-aarch64/wheel/./asym_gemm/include/cutlass
copying build/lib.linux-aarch64-cpython-312/asym_gemm/include/cutlass/matrix.h -> build/bdist.linux-aarch64/wheel/./asym_gemm/include/cutlass
copying build/lib.linux-aarch64-cpython-312/asym_gemm/include/cutlass/subbyte_reference.h -> build/bdist.linux-aarch64/wheel/./asym_gemm/include/cutlass
copying build/lib.linux-aarch64-cpython-312/asym_gemm/include/cutlass/version.h -> build/bdist.linux-aarch64/wheel/./asym_gemm/include/cutlass
copying build/lib.linux-aarch64-cpython-312/asym_gemm/include/cutlass/float8.h -> build/bdist.linux-aarch64/wheel/./asym_gemm/include/cutlass
copying build/lib.linux-aarch64-cpython-312/asym_gemm/include/cutlass/integer_subbyte.h -> build/bdist.linux-aarch64/wheel/./asym_gemm/include/cutlass
creating build/bdist.linux-aarch64/wheel/asym_gemm/include/cutlass/pipeline
copying build/lib.linux-aarch64-cpython-312/asym_gemm/include/cutlass/pipeline/sm90_pipeline.hpp -> build/bdist.linux-aarch64/wheel/./asym_gemm/include/cutlass/pipeline
copying build/lib.linux-aarch64-cpython-312/asym_gemm/include/cutlass/pipeline/pipeline.hpp -> build/bdist.linux-aarch64/wheel/./asym_gemm/include/cutlass/pipeline
copying build/lib.linux-aarch64-cpython-312/asym_gemm/include/cutlass/pipeline/sm100_pipeline.hpp -> build/bdist.linux-aarch64/wheel/./asym_gemm/include/cutlass/pipeline
copying build/lib.linux-aarch64-cpython-312/asym_gemm/include/cutlass/cuda_host_adapter.hpp -> build/bdist.linux-aarch64/wheel/./asym_gemm/include/cutlass
copying build/lib.linux-aarch64-cpython-312/asym_gemm/include/cutlass/block_striped.h -> build/bdist.linux-aarch64/wheel/./asym_gemm/include/cutlass
copying build/lib.linux-aarch64-cpython-312/asym_gemm/include/cutlass/floating_point_nvrtc.h -> build/bdist.linux-aarch64/wheel/./asym_gemm/include/cutlass
copying build/lib.linux-aarch64-cpython-312/asym_gemm/include/cutlass/device_kernel.h -> build/bdist.linux-aarch64/wheel/./asym_gemm/include/cutlass
creating build/bdist.linux-aarch64/wheel/asym_gemm/include/cutlass/experimental
creating build/bdist.linux-aarch64/wheel/asym_gemm/include/cutlass/experimental/distributed
creating build/bdist.linux-aarch64/wheel/asym_gemm/include/cutlass/experimental/distributed/device
copying build/lib.linux-aarch64-cpython-312/asym_gemm/include/cutlass/experimental/distributed/device/full_barrier.hpp -> build/bdist.linux-aarch64/wheel/./asym_gemm/include/cutlass/experimental/distributed/device
copying build/lib.linux-aarch64-cpython-312/asym_gemm/include/cutlass/experimental/distributed/device/detail.hpp -> build/bdist.linux-aarch64/wheel/./asym_gemm/include/cutlass/experimental/distributed/device
copying build/lib.linux-aarch64-cpython-312/asym_gemm/include/cutlass/experimental/distributed/device/dist_gemm_universal_wrapper.hpp -> build/bdist.linux-aarch64/wheel/./asym_gemm/include/cutlass/experimental/distributed/device
creating build/bdist.linux-aarch64/wheel/asym_gemm/include/cutlass/experimental/distributed/schedules
copying build/lib.linux-aarch64-cpython-312/asym_gemm/include/cutlass/experimental/distributed/schedules/dist_gemm_base_schedule.hpp -> build/bdist.linux-aarch64/wheel/./asym_gemm/include/cutlass/experimental/distributed/schedules
copying build/lib.linux-aarch64-cpython-312/asym_gemm/include/cutlass/experimental/distributed/schedules/dist_gemm_1d_schedules.hpp -> build/bdist.linux-aarch64/wheel/./asym_gemm/include/cutlass/experimental/distributed/schedules
creating build/bdist.linux-aarch64/wheel/asym_gemm/include/cutlass/experimental/distributed/kernel
copying build/lib.linux-aarch64-cpython-312/asym_gemm/include/cutlass/experimental/distributed/kernel/full_barrier.hpp -> build/bdist.linux-aarch64/wheel/./asym_gemm/include/cutlass/experimental/distributed/kernel
copying build/lib.linux-aarch64-cpython-312/asym_gemm/include/cutlass/experimental/distributed/kernel/detail.hpp -> build/bdist.linux-aarch64/wheel/./asym_gemm/include/cutlass/experimental/distributed/kernel
copying build/lib.linux-aarch64-cpython-312/asym_gemm/include/cutlass/experimental/distributed/kernel/dist_gemm_kernel_wrapper.hpp -> build/bdist.linux-aarch64/wheel/./asym_gemm/include/cutlass/experimental/distributed/kernel
copying build/lib.linux-aarch64-cpython-312/asym_gemm/include/cutlass/gemm_coord.h -> build/bdist.linux-aarch64/wheel/./asym_gemm/include/cutlass
copying build/lib.linux-aarch64-cpython-312/asym_gemm/include/cutlass/uint256.h -> build/bdist.linux-aarch64/wheel/./asym_gemm/include/cutlass
creating build/bdist.linux-aarch64/wheel/asym_gemm/include/cutlass/transform
creating build/bdist.linux-aarch64/wheel/asym_gemm/include/cutlass/transform/warp
copying build/lib.linux-aarch64-cpython-312/asym_gemm/include/cutlass/transform/warp/vector_fragment_iterator.h -> build/bdist.linux-aarch64/wheel/./asym_gemm/include/cutlass/transform/warp
creating build/bdist.linux-aarch64/wheel/asym_gemm/include/cutlass/transform/collective
copying build/lib.linux-aarch64-cpython-312/asym_gemm/include/cutlass/transform/collective/sm90_wgmma_transpose.hpp -> build/bdist.linux-aarch64/wheel/./asym_gemm/include/cutlass/transform/collective
creating build/bdist.linux-aarch64/wheel/asym_gemm/include/cutlass/transform/threadblock
copying build/lib.linux-aarch64-cpython-312/asym_gemm/include/cutlass/transform/threadblock/predicated_tile_access_iterator_2dthreadtile.h -> build/bdist.linux-aarch64/wheel/./asym_gemm/include/cutlass/transform/threadblock
copying build/lib.linux-aarch64-cpython-312/asym_gemm/include/cutlass/transform/threadblock/predicated_tile_access_iterator.h -> build/bdist.linux-aarch64/wheel/./asym_gemm/include/cutlass/transform/threadblock
copying build/lib.linux-aarch64-cpython-312/asym_gemm/include/cutlass/transform/threadblock/regular_scale_bias_vector_access_iterator.h -> build/bdist.linux-aarch64/wheel/./asym_gemm/include/cutlass/transform/threadblock
copying build/lib.linux-aarch64-cpython-312/asym_gemm/include/cutlass/transform/threadblock/regular_tile_access_iterator_tensor_op.h -> build/bdist.linux-aarch64/wheel/./asym_gemm/include/cutlass/transform/threadblock
copying build/lib.linux-aarch64-cpython-312/asym_gemm/include/cutlass/transform/threadblock/regular_tile_iterator_pitch_linear.h -> build/bdist.linux-aarch64/wheel/./asym_gemm/include/cutlass/transform/threadblock
copying build/lib.linux-aarch64-cpython-312/asym_gemm/include/cutlass/transform/threadblock/ell_predicated_tile_iterator.h -> build/bdist.linux-aarch64/wheel/./asym_gemm/include/cutlass/transform/threadblock
copying build/lib.linux-aarch64-cpython-312/asym_gemm/include/cutlass/transform/threadblock/regular_tile_iterator_tensor_op.h -> build/bdist.linux-aarch64/wheel/./asym_gemm/include/cutlass/transform/threadblock
copying build/lib.linux-aarch64-cpython-312/asym_gemm/include/cutlass/transform/threadblock/predicated_tile_access_iterator_params.h -> build/bdist.linux-aarch64/wheel/./asym_gemm/include/cutlass/transform/threadblock
copying build/lib.linux-aarch64-cpython-312/asym_gemm/include/cutlass/transform/threadblock/predicated_tile_iterator_2dthreadtile.h -> build/bdist.linux-aarch64/wheel/./asym_gemm/include/cutlass/transform/threadblock
copying build/lib.linux-aarch64-cpython-312/asym_gemm/include/cutlass/transform/threadblock/predicated_tile_iterator.h -> build/bdist.linux-aarch64/wheel/./asym_gemm/include/cutlass/transform/threadblock
copying build/lib.linux-aarch64-cpython-312/asym_gemm/include/cutlass/transform/threadblock/regular_tile_iterator.h -> build/bdist.linux-aarch64/wheel/./asym_gemm/include/cutlass/transform/threadblock
copying build/lib.linux-aarch64-cpython-312/asym_gemm/include/cutlass/transform/threadblock/predicated_tile_iterator_triangular_matrix.h -> build/bdist.linux-aarch64/wheel/./asym_gemm/include/cutlass/transform/threadblock
copying build/lib.linux-aarch64-cpython-312/asym_gemm/include/cutlass/transform/threadblock/regular_tile_access_iterator_pitch_linear_direct_conv.h -> build/bdist.linux-aarch64/wheel/./asym_gemm/include/cutlass/transform/threadblock
copying build/lib.linux-aarch64-cpython-312/asym_gemm/include/cutlass/transform/threadblock/ell_iterator.h -> build/bdist.linux-aarch64/wheel/./asym_gemm/include/cutlass/transform/threadblock
copying build/lib.linux-aarch64-cpython-312/asym_gemm/include/cutlass/transform/threadblock/regular_tile_iterator_pitch_linear_2dthreadtile.h -> build/bdist.linux-aarch64/wheel/./asym_gemm/include/cutlass/transform/threadblock
copying build/lib.linux-aarch64-cpython-312/asym_gemm/include/cutlass/transform/threadblock/ell_predicated_tile_access_iterator.h -> build/bdist.linux-aarch64/wheel/./asym_gemm/include/cutlass/transform/threadblock
copying build/lib.linux-aarch64-cpython-312/asym_gemm/include/cutlass/transform/threadblock/regular_tile_iterator_tensor_op_sm70.h -> build/bdist.linux-aarch64/wheel/./asym_gemm/include/cutlass/transform/threadblock
copying build/lib.linux-aarch64-cpython-312/asym_gemm/include/cutlass/transform/threadblock/predicated_vector_access_iterator.h -> build/bdist.linux-aarch64/wheel/./asym_gemm/include/cutlass/transform/threadblock
copying build/lib.linux-aarch64-cpython-312/asym_gemm/include/cutlass/transform/threadblock/regular_tile_access_iterator_pitch_linear.h -> build/bdist.linux-aarch64/wheel/./asym_gemm/include/cutlass/transform/threadblock
copying build/lib.linux-aarch64-cpython-312/asym_gemm/include/cutlass/transform/threadblock/predicated_scale_bias_vector_iterator.h -> build/bdist.linux-aarch64/wheel/./asym_gemm/include/cutlass/transform/threadblock
copying build/lib.linux-aarch64-cpython-312/asym_gemm/include/cutlass/transform/threadblock/vector_iterator.h -> build/bdist.linux-aarch64/wheel/./asym_gemm/include/cutlass/transform/threadblock
copying build/lib.linux-aarch64-cpython-312/asym_gemm/include/cutlass/transform/threadblock/regular_tile_access_iterator.h -> build/bdist.linux-aarch64/wheel/./asym_gemm/include/cutlass/transform/threadblock
copying build/lib.linux-aarch64-cpython-312/asym_gemm/include/cutlass/transform/threadblock/regular_tile_access_iterator_tensor_op_sm80.h -> build/bdist.linux-aarch64/wheel/./asym_gemm/include/cutlass/transform/threadblock
copying build/lib.linux-aarch64-cpython-312/asym_gemm/include/cutlass/transform/threadblock/predicated_tile_access_iterator_triangular_matrix.h -> build/bdist.linux-aarch64/wheel/./asym_gemm/include/cutlass/transform/threadblock
copying build/lib.linux-aarch64-cpython-312/asym_gemm/include/cutlass/transform/threadblock/predicated_scale_bias_vector_access_iterator.h -> build/bdist.linux-aarch64/wheel/./asym_gemm/include/cutlass/transform/threadblock
copying build/lib.linux-aarch64-cpython-312/asym_gemm/include/cutlass/transform/pitch_linear_thread_map.h -> build/bdist.linux-aarch64/wheel/./asym_gemm/include/cutlass/transform
creating build/bdist.linux-aarch64/wheel/asym_gemm/include/cutlass/transform/thread
copying build/lib.linux-aarch64-cpython-312/asym_gemm/include/cutlass/transform/thread/unary_op.h -> build/bdist.linux-aarch64/wheel/./asym_gemm/include/cutlass/transform/thread
copying build/lib.linux-aarch64-cpython-312/asym_gemm/include/cutlass/transform/thread/transpose.h -> build/bdist.linux-aarch64/wheel/./asym_gemm/include/cutlass/transform/thread
creating build/bdist.linux-aarch64/wheel/asym_gemm/include/cutlass/transform/device
copying build/lib.linux-aarch64-cpython-312/asym_gemm/include/cutlass/transform/device/transform_universal_adapter.hpp -> build/bdist.linux-aarch64/wheel/./asym_gemm/include/cutlass/transform/device
creating build/bdist.linux-aarch64/wheel/asym_gemm/include/cutlass/transform/kernel
copying build/lib.linux-aarch64-cpython-312/asym_gemm/include/cutlass/transform/kernel/sparse_gemm_compressor.hpp -> build/bdist.linux-aarch64/wheel/./asym_gemm/include/cutlass/transform/kernel
copying build/lib.linux-aarch64-cpython-312/asym_gemm/include/cutlass/transform/kernel/filter_format_transformer.hpp -> build/bdist.linux-aarch64/wheel/./asym_gemm/include/cutlass/transform/kernel
copying build/lib.linux-aarch64-cpython-312/asym_gemm/include/cutlass/transform/kernel/sm90_sparse_gemm_compressor.hpp -> build/bdist.linux-aarch64/wheel/./asym_gemm/include/cutlass/transform/kernel
copying build/lib.linux-aarch64-cpython-312/asym_gemm/include/cutlass/real.h -> build/bdist.linux-aarch64/wheel/./asym_gemm/include/cutlass
copying build/lib.linux-aarch64-cpython-312/asym_gemm/include/cutlass/array_subbyte.h -> build/bdist.linux-aarch64/wheel/./asym_gemm/include/cutlass
creating build/bdist.linux-aarch64/wheel/asym_gemm/include/cutlass/reduction
copying build/lib.linux-aarch64-cpython-312/asym_gemm/include/cutlass/reduction/threadblock_swizzle.h -> build/bdist.linux-aarch64/wheel/./asym_gemm/include/cutlass/reduction
creating build/bdist.linux-aarch64/wheel/asym_gemm/include/cutlass/reduction/thread
copying build/lib.linux-aarch64-cpython-312/asym_gemm/include/cutlass/reduction/thread/reduce.h -> build/bdist.linux-aarch64/wheel/./asym_gemm/include/cutlass/reduction/thread
copying build/lib.linux-aarch64-cpython-312/asym_gemm/include/cutlass/reduction/thread/reduction_operators.h -> build/bdist.linux-aarch64/wheel/./asym_gemm/include/cutlass/reduction/thread
creating build/bdist.linux-aarch64/wheel/asym_gemm/include/cutlass/reduction/device
copying build/lib.linux-aarch64-cpython-312/asym_gemm/include/cutlass/reduction/device/reduce_split_k.h -> build/bdist.linux-aarch64/wheel/./asym_gemm/include/cutlass/reduction/device
copying build/lib.linux-aarch64-cpython-312/asym_gemm/include/cutlass/reduction/device/tensor_reduce_affine_contiguous.h -> build/bdist.linux-aarch64/wheel/./asym_gemm/include/cutlass/reduction/device
copying build/lib.linux-aarch64-cpython-312/asym_gemm/include/cutlass/reduction/device/tensor_reduce.h -> build/bdist.linux-aarch64/wheel/./asym_gemm/include/cutlass/reduction/device
copying build/lib.linux-aarch64-cpython-312/asym_gemm/include/cutlass/reduction/device/tensor_reduce_affine_strided.h -> build/bdist.linux-aarch64/wheel/./asym_gemm/include/cutlass/reduction/device
creating build/bdist.linux-aarch64/wheel/asym_gemm/include/cutlass/reduction/kernel
copying build/lib.linux-aarch64-cpython-312/asym_gemm/include/cutlass/reduction/kernel/reduce_split_k.h -> build/bdist.linux-aarch64/wheel/./asym_gemm/include/cutlass/reduction/kernel
copying build/lib.linux-aarch64-cpython-312/asym_gemm/include/cutlass/reduction/kernel/tensor_reduce_affine_contiguous.h -> build/bdist.linux-aarch64/wheel/./asym_gemm/include/cutlass/reduction/kernel
copying build/lib.linux-aarch64-cpython-312/asym_gemm/include/cutlass/reduction/kernel/reduce_softmax_final.h -> build/bdist.linux-aarch64/wheel/./asym_gemm/include/cutlass/reduction/kernel
copying build/lib.linux-aarch64-cpython-312/asym_gemm/include/cutlass/reduction/kernel/tensor_reduce_affine_strided.h -> build/bdist.linux-aarch64/wheel/./asym_gemm/include/cutlass/reduction/kernel
copying build/lib.linux-aarch64-cpython-312/asym_gemm/include/cutlass/exmy_base.h -> build/bdist.linux-aarch64/wheel/./asym_gemm/include/cutlass
copying build/lib.linux-aarch64-cpython-312/asym_gemm/include/cutlass/complex.h -> build/bdist.linux-aarch64/wheel/./asym_gemm/include/cutlass
copying build/lib.linux-aarch64-cpython-312/asym_gemm/include/cutlass/wmma_array.h -> build/bdist.linux-aarch64/wheel/./asym_gemm/include/cutlass
copying build/lib.linux-aarch64-cpython-312/asym_gemm/include/cutlass/matrix_coord.h -> build/bdist.linux-aarch64/wheel/./asym_gemm/include/cutlass
copying build/lib.linux-aarch64-cpython-312/asym_gemm/include/cutlass/predicate_vector.h -> build/bdist.linux-aarch64/wheel/./asym_gemm/include/cutlass
copying build/lib.linux-aarch64-cpython-312/asym_gemm/include/cutlass/cutlass.h -> build/bdist.linux-aarch64/wheel/./asym_gemm/include/cutlass
copying build/lib.linux-aarch64-cpython-312/asym_gemm/include/cutlass/matrix_shape.h -> build/bdist.linux-aarch64/wheel/./asym_gemm/include/cutlass
creating build/bdist.linux-aarch64/wheel/asym_gemm/include/cutlass/arch
copying build/lib.linux-aarch64-cpython-312/asym_gemm/include/cutlass/arch/mma_sm89.h -> build/bdist.linux-aarch64/wheel/./asym_gemm/include/cutlass/arch
copying build/lib.linux-aarch64-cpython-312/asym_gemm/include/cutlass/arch/simd_sm61.h -> build/bdist.linux-aarch64/wheel/./asym_gemm/include/cutlass/arch
copying build/lib.linux-aarch64-cpython-312/asym_gemm/include/cutlass/arch/mma_sm100.h -> build/bdist.linux-aarch64/wheel/./asym_gemm/include/cutlass/arch
copying build/lib.linux-aarch64-cpython-312/asym_gemm/include/cutlass/arch/simd.h -> build/bdist.linux-aarch64/wheel/./asym_gemm/include/cutlass/arch
copying build/lib.linux-aarch64-cpython-312/asym_gemm/include/cutlass/arch/wmma_sm70.h -> build/bdist.linux-aarch64/wheel/./asym_gemm/include/cutlass/arch
copying build/lib.linux-aarch64-cpython-312/asym_gemm/include/cutlass/arch/mma_sm61.h -> build/bdist.linux-aarch64/wheel/./asym_gemm/include/cutlass/arch
copying build/lib.linux-aarch64-cpython-312/asym_gemm/include/cutlass/arch/simd_sm60.h -> build/bdist.linux-aarch64/wheel/./asym_gemm/include/cutlass/arch
copying build/lib.linux-aarch64-cpython-312/asym_gemm/include/cutlass/arch/arch.h -> build/bdist.linux-aarch64/wheel/./asym_gemm/include/cutlass/arch
copying build/lib.linux-aarch64-cpython-312/asym_gemm/include/cutlass/arch/mma_sm50.h -> build/bdist.linux-aarch64/wheel/./asym_gemm/include/cutlass/arch
copying build/lib.linux-aarch64-cpython-312/asym_gemm/include/cutlass/arch/config.h -> build/bdist.linux-aarch64/wheel/./asym_gemm/include/cutlass/arch
copying build/lib.linux-aarch64-cpython-312/asym_gemm/include/cutlass/arch/mma_sm90.h -> build/bdist.linux-aarch64/wheel/./asym_gemm/include/cutlass/arch
copying build/lib.linux-aarch64-cpython-312/asym_gemm/include/cutlass/arch/mma.h -> build/bdist.linux-aarch64/wheel/./asym_gemm/include/cutlass/arch
copying build/lib.linux-aarch64-cpython-312/asym_gemm/include/cutlass/arch/wmma_sm72.h -> build/bdist.linux-aarch64/wheel/./asym_gemm/include/cutlass/arch
copying build/lib.linux-aarch64-cpython-312/asym_gemm/include/cutlass/arch/mma_sm75.h -> build/bdist.linux-aarch64/wheel/./asym_gemm/include/cutlass/arch
copying build/lib.linux-aarch64-cpython-312/asym_gemm/include/cutlass/arch/mma_sm80.h -> build/bdist.linux-aarch64/wheel/./asym_gemm/include/cutlass/arch
copying build/lib.linux-aarch64-cpython-312/asym_gemm/include/cutlass/arch/grid_dependency_control.h -> build/bdist.linux-aarch64/wheel/./asym_gemm/include/cutlass/arch
copying build/lib.linux-aarch64-cpython-312/asym_gemm/include/cutlass/arch/mma_sm60.h -> build/bdist.linux-aarch64/wheel/./asym_gemm/include/cutlass/arch
copying build/lib.linux-aarch64-cpython-312/asym_gemm/include/cutlass/arch/synclog.hpp -> build/bdist.linux-aarch64/wheel/./asym_gemm/include/cutlass/arch
copying build/lib.linux-aarch64-cpython-312/asym_gemm/include/cutlass/arch/wmma.h -> build/bdist.linux-aarch64/wheel/./asym_gemm/include/cutlass/arch
copying build/lib.linux-aarch64-cpython-312/asym_gemm/include/cutlass/arch/memory_sm80.h -> build/bdist.linux-aarch64/wheel/./asym_gemm/include/cutlass/arch
copying build/lib.linux-aarch64-cpython-312/asym_gemm/include/cutlass/arch/memory_sm75.h -> build/bdist.linux-aarch64/wheel/./asym_gemm/include/cutlass/arch
copying build/lib.linux-aarch64-cpython-312/asym_gemm/include/cutlass/arch/mma_sparse_sm89.h -> build/bdist.linux-aarch64/wheel/./asym_gemm/include/cutlass/arch
copying build/lib.linux-aarch64-cpython-312/asym_gemm/include/cutlass/arch/cache_operation.h -> build/bdist.linux-aarch64/wheel/./asym_gemm/include/cutlass/arch
copying build/lib.linux-aarch64-cpython-312/asym_gemm/include/cutlass/arch/memory.h -> build/bdist.linux-aarch64/wheel/./asym_gemm/include/cutlass/arch
copying build/lib.linux-aarch64-cpython-312/asym_gemm/include/cutlass/arch/wmma_sm75.h -> build/bdist.linux-aarch64/wheel/./asym_gemm/include/cutlass/arch
copying build/lib.linux-aarch64-cpython-312/asym_gemm/include/cutlass/arch/reg_reconfig.h -> build/bdist.linux-aarch64/wheel/./asym_gemm/include/cutlass/arch
copying build/lib.linux-aarch64-cpython-312/asym_gemm/include/cutlass/arch/barrier.h -> build/bdist.linux-aarch64/wheel/./asym_gemm/include/cutlass/arch
copying build/lib.linux-aarch64-cpython-312/asym_gemm/include/cutlass/arch/mma_sm70.h -> build/bdist.linux-aarch64/wheel/./asym_gemm/include/cutlass/arch
copying build/lib.linux-aarch64-cpython-312/asym_gemm/include/cutlass/arch/mma_sparse_sm80.h -> build/bdist.linux-aarch64/wheel/./asym_gemm/include/cutlass/arch
copying build/lib.linux-aarch64-cpython-312/asym_gemm/include/cutlass/array.h -> build/bdist.linux-aarch64/wheel/./asym_gemm/include/cutlass
creating build/bdist.linux-aarch64/wheel/asym_gemm/include/cutlass/conv
creating build/bdist.linux-aarch64/wheel/asym_gemm/include/cutlass/conv/warp
copying build/lib.linux-aarch64-cpython-312/asym_gemm/include/cutlass/conv/warp/mma_depthwise_simt.h -> build/bdist.linux-aarch64/wheel/./asym_gemm/include/cutlass/conv/warp
copying build/lib.linux-aarch64-cpython-312/asym_gemm/include/cutlass/conv/warp/mma_depthwise_simt_tile_iterator.h -> build/bdist.linux-aarch64/wheel/./asym_gemm/include/cutlass/conv/warp
copying build/lib.linux-aarch64-cpython-312/asym_gemm/include/cutlass/conv/warp/scale_bias_relu_transform.h -> build/bdist.linux-aarch64/wheel/./asym_gemm/include/cutlass/conv/warp
copying build/lib.linux-aarch64-cpython-312/asym_gemm/include/cutlass/conv/dispatch_policy.hpp -> build/bdist.linux-aarch64/wheel/./asym_gemm/include/cutlass/conv
copying build/lib.linux-aarch64-cpython-312/asym_gemm/include/cutlass/conv/detail.hpp -> build/bdist.linux-aarch64/wheel/./asym_gemm/include/cutlass/conv
copying build/lib.linux-aarch64-cpython-312/asym_gemm/include/cutlass/conv/conv2d_problem_size.h -> build/bdist.linux-aarch64/wheel/./asym_gemm/include/cutlass/conv
creating build/bdist.linux-aarch64/wheel/asym_gemm/include/cutlass/conv/collective
copying build/lib.linux-aarch64-cpython-312/asym_gemm/include/cutlass/conv/collective/detail.hpp -> build/bdist.linux-aarch64/wheel/./asym_gemm/include/cutlass/conv/collective
copying build/lib.linux-aarch64-cpython-312/asym_gemm/include/cutlass/conv/collective/collective_conv.hpp -> build/bdist.linux-aarch64/wheel/./asym_gemm/include/cutlass/conv/collective
copying build/lib.linux-aarch64-cpython-312/asym_gemm/include/cutlass/conv/collective/sm100_implicit_gemm_umma_warpspecialized.hpp -> build/bdist.linux-aarch64/wheel/./asym_gemm/include/cutlass/conv/collective
copying build/lib.linux-aarch64-cpython-312/asym_gemm/include/cutlass/conv/collective/sm90_implicit_gemm_gmma_ss_warpspecialized.hpp -> build/bdist.linux-aarch64/wheel/./asym_gemm/include/cutlass/conv/collective
creating build/bdist.linux-aarch64/wheel/asym_gemm/include/cutlass/conv/collective/builders
copying build/lib.linux-aarch64-cpython-312/asym_gemm/include/cutlass/conv/collective/builders/sm90_common.inl -> build/bdist.linux-aarch64/wheel/./asym_gemm/include/cutlass/conv/collective/builders
copying build/lib.linux-aarch64-cpython-312/asym_gemm/include/cutlass/conv/collective/builders/sm100_umma_builder.inl -> build/bdist.linux-aarch64/wheel/./asym_gemm/include/cutlass/conv/collective/builders
copying build/lib.linux-aarch64-cpython-312/asym_gemm/include/cutlass/conv/collective/builders/sm100_common.inl -> build/bdist.linux-aarch64/wheel/./asym_gemm/include/cutlass/conv/collective/builders
copying build/lib.linux-aarch64-cpython-312/asym_gemm/include/cutlass/conv/collective/builders/sm90_gmma_builder.inl -> build/bdist.linux-aarch64/wheel/./asym_gemm/include/cutlass/conv/collective/builders
copying build/lib.linux-aarch64-cpython-312/asym_gemm/include/cutlass/conv/collective/collective_builder.hpp -> build/bdist.linux-aarch64/wheel/./asym_gemm/include/cutlass/conv/collective
copying build/lib.linux-aarch64-cpython-312/asym_gemm/include/cutlass/conv/conv3d_problem_size.h -> build/bdist.linux-aarch64/wheel/./asym_gemm/include/cutlass/conv
creating build/bdist.linux-aarch64/wheel/asym_gemm/include/cutlass/conv/threadblock
copying build/lib.linux-aarch64-cpython-312/asym_gemm/include/cutlass/conv/threadblock/conv2d_wgrad_activation_tile_access_iterator_optimized.h -> build/bdist.linux-aarch64/wheel/./asym_gemm/include/cutlass/conv/threadblock
copying build/lib.linux-aarch64-cpython-312/asym_gemm/include/cutlass/conv/threadblock/conv3d_dgrad_filter_tile_access_iterator_optimized.h -> build/bdist.linux-aarch64/wheel/./asym_gemm/include/cutlass/conv/threadblock
copying build/lib.linux-aarch64-cpython-312/asym_gemm/include/cutlass/conv/threadblock/implicit_gemm_wgrad_fusion_multistage.h -> build/bdist.linux-aarch64/wheel/./asym_gemm/include/cutlass/conv/threadblock
copying build/lib.linux-aarch64-cpython-312/asym_gemm/include/cutlass/conv/threadblock/conv2d_params.h -> build/bdist.linux-aarch64/wheel/./asym_gemm/include/cutlass/conv/threadblock
copying build/lib.linux-aarch64-cpython-312/asym_gemm/include/cutlass/conv/threadblock/conv2d_dgrad_output_gradient_tile_access_iterator_analytic.h -> build/bdist.linux-aarch64/wheel/./asym_gemm/include/cutlass/conv/threadblock
copying build/lib.linux-aarch64-cpython-312/asym_gemm/include/cutlass/conv/threadblock/conv2d_fprop_filter_tile_access_iterator_optimized.h -> build/bdist.linux-aarch64/wheel/./asym_gemm/include/cutlass/conv/threadblock
copying build/lib.linux-aarch64-cpython-312/asym_gemm/include/cutlass/conv/threadblock/conv2d_dgrad_output_gradient_tile_access_iterator_optimized.h -> build/bdist.linux-aarch64/wheel/./asym_gemm/include/cutlass/conv/threadblock
copying build/lib.linux-aarch64-cpython-312/asym_gemm/include/cutlass/conv/threadblock/depthwise_mma_base.h -> build/bdist.linux-aarch64/wheel/./asym_gemm/include/cutlass/conv/threadblock
copying build/lib.linux-aarch64-cpython-312/asym_gemm/include/cutlass/conv/threadblock/depthwise_fprop_direct_conv_multistage.h -> build/bdist.linux-aarch64/wheel/./asym_gemm/include/cutlass/conv/threadblock
copying build/lib.linux-aarch64-cpython-312/asym_gemm/include/cutlass/conv/threadblock/conv2d_fprop_filter_tile_access_iterator_fixed_channels.h -> build/bdist.linux-aarch64/wheel/./asym_gemm/include/cutlass/conv/threadblock
copying build/lib.linux-aarch64-cpython-312/asym_gemm/include/cutlass/conv/threadblock/conv2d_tile_iterator.h -> build/bdist.linux-aarch64/wheel/./asym_gemm/include/cutlass/conv/threadblock
copying build/lib.linux-aarch64-cpython-312/asym_gemm/include/cutlass/conv/threadblock/conv3d_dgrad_output_gradient_tile_access_iterator_optimized.h -> build/bdist.linux-aarch64/wheel/./asym_gemm/include/cutlass/conv/threadblock
copying build/lib.linux-aarch64-cpython-312/asym_gemm/include/cutlass/conv/threadblock/conv3d_dgrad_filter_tile_access_iterator_analytic.h -> build/bdist.linux-aarch64/wheel/./asym_gemm/include/cutlass/conv/threadblock
copying build/lib.linux-aarch64-cpython-312/asym_gemm/include/cutlass/conv/threadblock/implicit_gemm_multistage.h -> build/bdist.linux-aarch64/wheel/./asym_gemm/include/cutlass/conv/threadblock
copying build/lib.linux-aarch64-cpython-312/asym_gemm/include/cutlass/conv/threadblock/implicit_gemm_fprop_fusion_multistage.h -> build/bdist.linux-aarch64/wheel/./asym_gemm/include/cutlass/conv/threadblock
copying build/lib.linux-aarch64-cpython-312/asym_gemm/include/cutlass/conv/threadblock/conv3d_fprop_filter_tile_access_iterator_optimized.h -> build/bdist.linux-aarch64/wheel/./asym_gemm/include/cutlass/conv/threadblock
copying build/lib.linux-aarch64-cpython-312/asym_gemm/include/cutlass/conv/threadblock/conv3d_params.h -> build/bdist.linux-aarch64/wheel/./asym_gemm/include/cutlass/conv/threadblock
copying build/lib.linux-aarch64-cpython-312/asym_gemm/include/cutlass/conv/threadblock/depthwise_fprop_activation_tile_access_iterator_direct_conv_fixed_stride_dilation.h -> build/bdist.linux-aarch64/wheel/./asym_gemm/include/cutlass/conv/threadblock
copying build/lib.linux-aarch64-cpython-312/asym_gemm/include/cutlass/conv/threadblock/depthwise_fprop_pipelined.h -> build/bdist.linux-aarch64/wheel/./asym_gemm/include/cutlass/conv/threadblock
copying build/lib.linux-aarch64-cpython-312/asym_gemm/include/cutlass/conv/threadblock/conv3d_wgrad_activation_tile_access_iterator_optimized.h -> build/bdist.linux-aarch64/wheel/./asym_gemm/include/cutlass/conv/threadblock
copying build/lib.linux-aarch64-cpython-312/asym_gemm/include/cutlass/conv/threadblock/conv3d_fprop_activation_tile_access_iterator_analytic.h -> build/bdist.linux-aarch64/wheel/./asym_gemm/include/cutlass/conv/threadblock
copying build/lib.linux-aarch64-cpython-312/asym_gemm/include/cutlass/conv/threadblock/depthwise_mma_core_with_lane_access_size.h -> build/bdist.linux-aarch64/wheel/./asym_gemm/include/cutlass/conv/threadblock
copying build/lib.linux-aarch64-cpython-312/asym_gemm/include/cutlass/conv/threadblock/conv2d_wgrad_activation_tile_access_iterator_analytic.h -> build/bdist.linux-aarch64/wheel/./asym_gemm/include/cutlass/conv/threadblock
copying build/lib.linux-aarch64-cpython-312/asym_gemm/include/cutlass/conv/threadblock/conv2d_fprop_activation_tile_access_iterator_fixed_channels.h -> build/bdist.linux-aarch64/wheel/./asym_gemm/include/cutlass/conv/threadblock
copying build/lib.linux-aarch64-cpython-312/asym_gemm/include/cutlass/conv/threadblock/conv2d_fprop_filter_tile_access_iterator_analytic.h -> build/bdist.linux-aarch64/wheel/./asym_gemm/include/cutlass/conv/threadblock
copying build/lib.linux-aarch64-cpython-312/asym_gemm/include/cutlass/conv/threadblock/conv3d_wgrad_output_gradient_tile_access_iterator_optimized.h -> build/bdist.linux-aarch64/wheel/./asym_gemm/include/cutlass/conv/threadblock
copying build/lib.linux-aarch64-cpython-312/asym_gemm/include/cutlass/conv/threadblock/conv3d_wgrad_activation_tile_access_iterator_analytic.h -> build/bdist.linux-aarch64/wheel/./asym_gemm/include/cutlass/conv/threadblock
copying build/lib.linux-aarch64-cpython-312/asym_gemm/include/cutlass/conv/threadblock/conv2d_fprop_activation_tile_access_iterator_few_channels.h -> build/bdist.linux-aarch64/wheel/./asym_gemm/include/cutlass/conv/threadblock
copying build/lib.linux-aarch64-cpython-312/asym_gemm/include/cutlass/conv/threadblock/threadblock_swizzle.h -> build/bdist.linux-aarch64/wheel/./asym_gemm/include/cutlass/conv/threadblock
copying build/lib.linux-aarch64-cpython-312/asym_gemm/include/cutlass/conv/threadblock/implicit_gemm_pipelined.h -> build/bdist.linux-aarch64/wheel/./asym_gemm/include/cutlass/conv/threadblock
copying build/lib.linux-aarch64-cpython-312/asym_gemm/include/cutlass/conv/threadblock/conv3d_fprop_activation_tile_access_iterator_optimized.h -> build/bdist.linux-aarch64/wheel/./asym_gemm/include/cutlass/conv/threadblock
copying build/lib.linux-aarch64-cpython-312/asym_gemm/include/cutlass/conv/threadblock/conv2d_fprop_activation_tile_access_iterator_analytic.h -> build/bdist.linux-aarch64/wheel/./asym_gemm/include/cutlass/conv/threadblock
copying build/lib.linux-aarch64-cpython-312/asym_gemm/include/cutlass/conv/threadblock/depthwise_direct_conv_params.h -> build/bdist.linux-aarch64/wheel/./asym_gemm/include/cutlass/conv/threadblock
copying build/lib.linux-aarch64-cpython-312/asym_gemm/include/cutlass/conv/threadblock/conv3d_dgrad_output_gradient_tile_access_iterator_analytic.h -> build/bdist.linux-aarch64/wheel/./asym_gemm/include/cutlass/conv/threadblock
copying build/lib.linux-aarch64-cpython-312/asym_gemm/include/cutlass/conv/threadblock/predicated_scale_bias_vector_iterator.h -> build/bdist.linux-aarch64/wheel/./asym_gemm/include/cutlass/conv/threadblock
copying build/lib.linux-aarch64-cpython-312/asym_gemm/include/cutlass/conv/threadblock/conv2d_wgrad_output_gradient_tile_access_iterator_analytic.h -> build/bdist.linux-aarch64/wheel/./asym_gemm/include/cutlass/conv/threadblock
copying build/lib.linux-aarch64-cpython-312/asym_gemm/include/cutlass/conv/threadblock/conv3d_fprop_filter_tile_access_iterator_analytic.h -> build/bdist.linux-aarch64/wheel/./asym_gemm/include/cutlass/conv/threadblock
copying build/lib.linux-aarch64-cpython-312/asym_gemm/include/cutlass/conv/threadblock/depthwise_fprop_filter_tile_access_iterator_direct_conv_optimized.h -> build/bdist.linux-aarch64/wheel/./asym_gemm/include/cutlass/conv/threadblock
copying build/lib.linux-aarch64-cpython-312/asym_gemm/include/cutlass/conv/threadblock/conv2d_fprop_activation_tile_access_iterator_optimized.h -> build/bdist.linux-aarch64/wheel/./asym_gemm/include/cutlass/conv/threadblock
copying build/lib.linux-aarch64-cpython-312/asym_gemm/include/cutlass/conv/threadblock/conv3d_wgrad_output_gradient_tile_access_iterator_analytic.h -> build/bdist.linux-aarch64/wheel/./asym_gemm/include/cutlass/conv/threadblock
copying build/lib.linux-aarch64-cpython-312/asym_gemm/include/cutlass/conv/threadblock/conv2d_dgrad_filter_tile_access_iterator_optimized.h -> build/bdist.linux-aarch64/wheel/./asym_gemm/include/cutlass/conv/threadblock
copying build/lib.linux-aarch64-cpython-312/asym_gemm/include/cutlass/conv/threadblock/conv2d_fprop_filter_tile_access_iterator_few_channels.h -> build/bdist.linux-aarch64/wheel/./asym_gemm/include/cutlass/conv/threadblock
copying build/lib.linux-aarch64-cpython-312/asym_gemm/include/cutlass/conv/threadblock/conv2d_wgrad_output_gradient_tile_access_iterator_optimized.h -> build/bdist.linux-aarch64/wheel/./asym_gemm/include/cutlass/conv/threadblock
copying build/lib.linux-aarch64-cpython-312/asym_gemm/include/cutlass/conv/threadblock/conv2d_dgrad_filter_tile_access_iterator_analytic.h -> build/bdist.linux-aarch64/wheel/./asym_gemm/include/cutlass/conv/threadblock
copying build/lib.linux-aarch64-cpython-312/asym_gemm/include/cutlass/conv/threadblock/depthwise_fprop_activation_tile_access_iterator_direct_conv_optimized.h -> build/bdist.linux-aarch64/wheel/./asym_gemm/include/cutlass/conv/threadblock
copying build/lib.linux-aarch64-cpython-312/asym_gemm/include/cutlass/conv/threadblock/predicated_scale_bias_vector_access_iterator.h -> build/bdist.linux-aarch64/wheel/./asym_gemm/include/cutlass/conv/threadblock
copying build/lib.linux-aarch64-cpython-312/asym_gemm/include/cutlass/conv/convolution.h -> build/bdist.linux-aarch64/wheel/./asym_gemm/include/cutlass/conv
creating build/bdist.linux-aarch64/wheel/asym_gemm/include/cutlass/conv/thread
copying build/lib.linux-aarch64-cpython-312/asym_gemm/include/cutlass/conv/thread/depthwise_mma.h -> build/bdist.linux-aarch64/wheel/./asym_gemm/include/cutlass/conv/thread
creating build/bdist.linux-aarch64/wheel/asym_gemm/include/cutlass/conv/device
copying build/lib.linux-aarch64-cpython-312/asym_gemm/include/cutlass/conv/device/implicit_gemm_convolution.h -> build/bdist.linux-aarch64/wheel/./asym_gemm/include/cutlass/conv/device
copying build/lib.linux-aarch64-cpython-312/asym_gemm/include/cutlass/conv/device/conv_universal_adapter.hpp -> build/bdist.linux-aarch64/wheel/./asym_gemm/include/cutlass/conv/device
copying build/lib.linux-aarch64-cpython-312/asym_gemm/include/cutlass/conv/device/implicit_gemm_convolution_fusion.h -> build/bdist.linux-aarch64/wheel/./asym_gemm/include/cutlass/conv/device
copying build/lib.linux-aarch64-cpython-312/asym_gemm/include/cutlass/conv/device/direct_convolution.h -> build/bdist.linux-aarch64/wheel/./asym_gemm/include/cutlass/conv/device
creating build/bdist.linux-aarch64/wheel/asym_gemm/include/cutlass/conv/kernel
copying build/lib.linux-aarch64-cpython-312/asym_gemm/include/cutlass/conv/kernel/default_deconv2d.h -> build/bdist.linux-aarch64/wheel/./asym_gemm/include/cutlass/conv/kernel
copying build/lib.linux-aarch64-cpython-312/asym_gemm/include/cutlass/conv/kernel/default_conv2d_fprop_with_broadcast.h -> build/bdist.linux-aarch64/wheel/./asym_gemm/include/cutlass/conv/kernel
copying build/lib.linux-aarch64-cpython-312/asym_gemm/include/cutlass/conv/kernel/default_conv2d_wgrad_fusion.h -> build/bdist.linux-aarch64/wheel/./asym_gemm/include/cutlass/conv/kernel
copying build/lib.linux-aarch64-cpython-312/asym_gemm/include/cutlass/conv/kernel/default_conv2d.h -> build/bdist.linux-aarch64/wheel/./asym_gemm/include/cutlass/conv/kernel
copying build/lib.linux-aarch64-cpython-312/asym_gemm/include/cutlass/conv/kernel/default_conv2d_fprop.h -> build/bdist.linux-aarch64/wheel/./asym_gemm/include/cutlass/conv/kernel
copying build/lib.linux-aarch64-cpython-312/asym_gemm/include/cutlass/conv/kernel/default_conv3d_fprop.h -> build/bdist.linux-aarch64/wheel/./asym_gemm/include/cutlass/conv/kernel
copying build/lib.linux-aarch64-cpython-312/asym_gemm/include/cutlass/conv/kernel/implicit_gemm_convolution_with_fused_epilogue.h -> build/bdist.linux-aarch64/wheel/./asym_gemm/include/cutlass/conv/kernel
copying build/lib.linux-aarch64-cpython-312/asym_gemm/include/cutlass/conv/kernel/conv_universal.hpp -> build/bdist.linux-aarch64/wheel/./asym_gemm/include/cutlass/conv/kernel
copying build/lib.linux-aarch64-cpython-312/asym_gemm/include/cutlass/conv/kernel/default_conv2d_group_fprop.h -> build/bdist.linux-aarch64/wheel/./asym_gemm/include/cutlass/conv/kernel
copying build/lib.linux-aarch64-cpython-312/asym_gemm/include/cutlass/conv/kernel/default_conv2d_dgrad.h -> build/bdist.linux-aarch64/wheel/./asym_gemm/include/cutlass/conv/kernel
copying build/lib.linux-aarch64-cpython-312/asym_gemm/include/cutlass/conv/kernel/default_conv3d_wgrad.h -> build/bdist.linux-aarch64/wheel/./asym_gemm/include/cutlass/conv/kernel
copying build/lib.linux-aarch64-cpython-312/asym_gemm/include/cutlass/conv/kernel/sm90_implicit_gemm_tma_warpspecialized.hpp -> build/bdist.linux-aarch64/wheel/./asym_gemm/include/cutlass/conv/kernel
copying build/lib.linux-aarch64-cpython-312/asym_gemm/include/cutlass/conv/kernel/default_conv2d_fprop_with_absmax.h -> build/bdist.linux-aarch64/wheel/./asym_gemm/include/cutlass/conv/kernel
copying build/lib.linux-aarch64-cpython-312/asym_gemm/include/cutlass/conv/kernel/default_conv3d_fprop_fusion.h -> build/bdist.linux-aarch64/wheel/./asym_gemm/include/cutlass/conv/kernel
copying build/lib.linux-aarch64-cpython-312/asym_gemm/include/cutlass/conv/kernel/default_conv2d_wgrad.h -> build/bdist.linux-aarch64/wheel/./asym_gemm/include/cutlass/conv/kernel
copying build/lib.linux-aarch64-cpython-312/asym_gemm/include/cutlass/conv/kernel/default_conv2d_fprop_with_reduction.h -> build/bdist.linux-aarch64/wheel/./asym_gemm/include/cutlass/conv/kernel
copying build/lib.linux-aarch64-cpython-312/asym_gemm/include/cutlass/conv/kernel/implicit_gemm_convolution.h -> build/bdist.linux-aarch64/wheel/./asym_gemm/include/cutlass/conv/kernel
copying build/lib.linux-aarch64-cpython-312/asym_gemm/include/cutlass/conv/kernel/default_deconv2d_with_broadcast.h -> build/bdist.linux-aarch64/wheel/./asym_gemm/include/cutlass/conv/kernel
copying build/lib.linux-aarch64-cpython-312/asym_gemm/include/cutlass/conv/kernel/implicit_gemm_convolution_strided_dgrad.h -> build/bdist.linux-aarch64/wheel/./asym_gemm/include/cutlass/conv/kernel
copying build/lib.linux-aarch64-cpython-312/asym_gemm/include/cutlass/conv/kernel/default_depthwise_fprop.h -> build/bdist.linux-aarch64/wheel/./asym_gemm/include/cutlass/conv/kernel
copying build/lib.linux-aarch64-cpython-312/asym_gemm/include/cutlass/conv/kernel/default_conv3d_dgrad.h -> build/bdist.linux-aarch64/wheel/./asym_gemm/include/cutlass/conv/kernel
copying build/lib.linux-aarch64-cpython-312/asym_gemm/include/cutlass/conv/kernel/default_conv3d_fprop_with_broadcast.h -> build/bdist.linux-aarch64/wheel/./asym_gemm/include/cutlass/conv/kernel
copying build/lib.linux-aarch64-cpython-312/asym_gemm/include/cutlass/conv/kernel/default_conv2d_fprop_fusion.h -> build/bdist.linux-aarch64/wheel/./asym_gemm/include/cutlass/conv/kernel
copying build/lib.linux-aarch64-cpython-312/asym_gemm/include/cutlass/conv/kernel/default_deconv3d.h -> build/bdist.linux-aarch64/wheel/./asym_gemm/include/cutlass/conv/kernel
copying build/lib.linux-aarch64-cpython-312/asym_gemm/include/cutlass/conv/kernel/implicit_gemm_convolution_with_absmax.h -> build/bdist.linux-aarch64/wheel/./asym_gemm/include/cutlass/conv/kernel
copying build/lib.linux-aarch64-cpython-312/asym_gemm/include/cutlass/conv/kernel/implicit_gemm_convolution_fusion.h -> build/bdist.linux-aarch64/wheel/./asym_gemm/include/cutlass/conv/kernel
copying build/lib.linux-aarch64-cpython-312/asym_gemm/include/cutlass/conv/kernel/default_deconv3d_with_broadcast.h -> build/bdist.linux-aarch64/wheel/./asym_gemm/include/cutlass/conv/kernel
copying build/lib.linux-aarch64-cpython-312/asym_gemm/include/cutlass/conv/kernel/direct_convolution.h -> build/bdist.linux-aarch64/wheel/./asym_gemm/include/cutlass/conv/kernel
copying build/lib.linux-aarch64-cpython-312/asym_gemm/include/cutlass/conv/kernel/sm100_implicit_gemm_tma_warpspecialized.hpp -> build/bdist.linux-aarch64/wheel/./asym_gemm/include/cutlass/conv/kernel
copying build/lib.linux-aarch64-cpython-312/asym_gemm/include/cutlass/conv/convnd_problem_shape.hpp -> build/bdist.linux-aarch64/wheel/./asym_gemm/include/cutlass/conv
copying build/lib.linux-aarch64-cpython-312/asym_gemm/include/cutlass/fast_math.h -> build/bdist.linux-aarch64/wheel/./asym_gemm/include/cutlass
copying build/lib.linux-aarch64-cpython-312/asym_gemm/include/cutlass/functional.h -> build/bdist.linux-aarch64/wheel/./asym_gemm/include/cutlass
copying build/lib.linux-aarch64-cpython-312/asym_gemm/include/cutlass/kernel_hardware_info.hpp -> build/bdist.linux-aarch64/wheel/./asym_gemm/include/cutlass
creating build/bdist.linux-aarch64/wheel/asym_gemm/include/cutlass/thread
copying build/lib.linux-aarch64-cpython-312/asym_gemm/include/cutlass/thread/matrix.h -> build/bdist.linux-aarch64/wheel/./asym_gemm/include/cutlass/thread
copying build/lib.linux-aarch64-cpython-312/asym_gemm/include/cutlass/semaphore.h -> build/bdist.linux-aarch64/wheel/./asym_gemm/include/cutlass
copying build/lib.linux-aarch64-cpython-312/asym_gemm/include/cutlass/numeric_conversion.h -> build/bdist.linux-aarch64/wheel/./asym_gemm/include/cutlass
copying build/lib.linux-aarch64-cpython-312/asym_gemm/include/cutlass/constants.h -> build/bdist.linux-aarch64/wheel/./asym_gemm/include/cutlass
creating build/bdist.linux-aarch64/wheel/asym_gemm/include/cutlass/gemm
creating build/bdist.linux-aarch64/wheel/asym_gemm/include/cutlass/gemm/warp
copying build/lib.linux-aarch64-cpython-312/asym_gemm/include/cutlass/gemm/warp/mma_tensor_op.h -> build/bdist.linux-aarch64/wheel/./asym_gemm/include/cutlass/gemm/warp
copying build/lib.linux-aarch64-cpython-312/asym_gemm/include/cutlass/gemm/warp/default_mma_tensor_op.h -> build/bdist.linux-aarch64/wheel/./asym_gemm/include/cutlass/gemm/warp
copying build/lib.linux-aarch64-cpython-312/asym_gemm/include/cutlass/gemm/warp/mma_mixed_input_tensor_op.h -> build/bdist.linux-aarch64/wheel/./asym_gemm/include/cutlass/gemm/warp
copying build/lib.linux-aarch64-cpython-312/asym_gemm/include/cutlass/gemm/warp/mma_simt.h -> build/bdist.linux-aarch64/wheel/./asym_gemm/include/cutlass/gemm/warp
copying build/lib.linux-aarch64-cpython-312/asym_gemm/include/cutlass/gemm/warp/mma_with_reduction_tensor_op.h -> build/bdist.linux-aarch64/wheel/./asym_gemm/include/cutlass/gemm/warp
copying build/lib.linux-aarch64-cpython-312/asym_gemm/include/cutlass/gemm/warp/mma_tensor_op_tile_iterator_sparse.h -> build/bdist.linux-aarch64/wheel/./asym_gemm/include/cutlass/gemm/warp
copying build/lib.linux-aarch64-cpython-312/asym_gemm/include/cutlass/gemm/warp/mma_simt_tile_iterator.h -> build/bdist.linux-aarch64/wheel/./asym_gemm/include/cutlass/gemm/warp
copying build/lib.linux-aarch64-cpython-312/asym_gemm/include/cutlass/gemm/warp/mma_tensor_op_fragment_iterator.h -> build/bdist.linux-aarch64/wheel/./asym_gemm/include/cutlass/gemm/warp
copying build/lib.linux-aarch64-cpython-312/asym_gemm/include/cutlass/gemm/warp/mma_complex_tensor_op_tile_iterator_sm80.h -> build/bdist.linux-aarch64/wheel/./asym_gemm/include/cutlass/gemm/warp
copying build/lib.linux-aarch64-cpython-312/asym_gemm/include/cutlass/gemm/warp/tile_iterator_planar_complex.h -> build/bdist.linux-aarch64/wheel/./asym_gemm/include/cutlass/gemm/warp
copying build/lib.linux-aarch64-cpython-312/asym_gemm/include/cutlass/gemm/warp/default_mma_sparse_tensor_op.h -> build/bdist.linux-aarch64/wheel/./asym_gemm/include/cutlass/gemm/warp
copying build/lib.linux-aarch64-cpython-312/asym_gemm/include/cutlass/gemm/warp/default_mma_with_reduction_tensor_op.h -> build/bdist.linux-aarch64/wheel/./asym_gemm/include/cutlass/gemm/warp
copying build/lib.linux-aarch64-cpython-312/asym_gemm/include/cutlass/gemm/warp/mma_tensor_op_wmma.h -> build/bdist.linux-aarch64/wheel/./asym_gemm/include/cutlass/gemm/warp
copying build/lib.linux-aarch64-cpython-312/asym_gemm/include/cutlass/gemm/warp/mma_tensor_op_fast_f32.h -> build/bdist.linux-aarch64/wheel/./asym_gemm/include/cutlass/gemm/warp
copying build/lib.linux-aarch64-cpython-312/asym_gemm/include/cutlass/gemm/warp/mma_tensor_op_tile_iterator_sm70.h -> build/bdist.linux-aarch64/wheel/./asym_gemm/include/cutlass/gemm/warp
copying build/lib.linux-aarch64-cpython-312/asym_gemm/include/cutlass/gemm/warp/mma_tensor_op_tile_iterator_wmma.h -> build/bdist.linux-aarch64/wheel/./asym_gemm/include/cutlass/gemm/warp
copying build/lib.linux-aarch64-cpython-312/asym_gemm/include/cutlass/gemm/warp/mma_sparse_tensor_op.h -> build/bdist.linux-aarch64/wheel/./asym_gemm/include/cutlass/gemm/warp
copying build/lib.linux-aarch64-cpython-312/asym_gemm/include/cutlass/gemm/warp/layernorm_scale_bias_transform.h -> build/bdist.linux-aarch64/wheel/./asym_gemm/include/cutlass/gemm/warp
copying build/lib.linux-aarch64-cpython-312/asym_gemm/include/cutlass/gemm/warp/mma.h -> build/bdist.linux-aarch64/wheel/./asym_gemm/include/cutlass/gemm/warp
copying build/lib.linux-aarch64-cpython-312/asym_gemm/include/cutlass/gemm/warp/default_mma_wmma_tensor_op.h -> build/bdist.linux-aarch64/wheel/./asym_gemm/include/cutlass/gemm/warp
copying build/lib.linux-aarch64-cpython-312/asym_gemm/include/cutlass/gemm/warp/scale_bias_tile_iterator.h -> build/bdist.linux-aarch64/wheel/./asym_gemm/include/cutlass/gemm/warp
copying build/lib.linux-aarch64-cpython-312/asym_gemm/include/cutlass/gemm/warp/mma_planar_complex.h -> build/bdist.linux-aarch64/wheel/./asym_gemm/include/cutlass/gemm/warp
copying build/lib.linux-aarch64-cpython-312/asym_gemm/include/cutlass/gemm/warp/mma_tensor_op_tile_iterator_sm80.h -> build/bdist.linux-aarch64/wheel/./asym_gemm/include/cutlass/gemm/warp
copying build/lib.linux-aarch64-cpython-312/asym_gemm/include/cutlass/gemm/warp/mma_tensor_op_tile_iterator.h -> build/bdist.linux-aarch64/wheel/./asym_gemm/include/cutlass/gemm/warp
copying build/lib.linux-aarch64-cpython-312/asym_gemm/include/cutlass/gemm/warp/mma_complex_tensor_op.h -> build/bdist.linux-aarch64/wheel/./asym_gemm/include/cutlass/gemm/warp
copying build/lib.linux-aarch64-cpython-312/asym_gemm/include/cutlass/gemm/warp/mma_tensor_op_tile_access_iterator.h -> build/bdist.linux-aarch64/wheel/./asym_gemm/include/cutlass/gemm/warp
copying build/lib.linux-aarch64-cpython-312/asym_gemm/include/cutlass/gemm/warp/mma_complex_tensor_op_fast_f32.h -> build/bdist.linux-aarch64/wheel/./asym_gemm/include/cutlass/gemm/warp
copying build/lib.linux-aarch64-cpython-312/asym_gemm/include/cutlass/gemm/warp/mma_gaussian_complex_tensor_op_tile_iterator_sm80.h -> build/bdist.linux-aarch64/wheel/./asym_gemm/include/cutlass/gemm/warp
copying build/lib.linux-aarch64-cpython-312/asym_gemm/include/cutlass/gemm/warp/mma_gaussian_complex_tensor_op.h -> build/bdist.linux-aarch64/wheel/./asym_gemm/include/cutlass/gemm/warp
copying build/lib.linux-aarch64-cpython-312/asym_gemm/include/cutlass/gemm/warp/mma_simt_policy.h -> build/bdist.linux-aarch64/wheel/./asym_gemm/include/cutlass/gemm/warp
copying build/lib.linux-aarch64-cpython-312/asym_gemm/include/cutlass/gemm/warp/mma_tensor_op_policy.h -> build/bdist.linux-aarch64/wheel/./asym_gemm/include/cutlass/gemm/warp
copying build/lib.linux-aarch64-cpython-312/asym_gemm/include/cutlass/gemm/warp/mma_tensor_op_sm70.h -> build/bdist.linux-aarch64/wheel/./asym_gemm/include/cutlass/gemm/warp
copying build/lib.linux-aarch64-cpython-312/asym_gemm/include/cutlass/gemm/warp/default_mma_tensor_op_sm80.h -> build/bdist.linux-aarch64/wheel/./asym_gemm/include/cutlass/gemm/warp
copying build/lib.linux-aarch64-cpython-312/asym_gemm/include/cutlass/gemm/warp/default_mma_complex_tensor_op.h -> build/bdist.linux-aarch64/wheel/./asym_gemm/include/cutlass/gemm/warp
copying build/lib.linux-aarch64-cpython-312/asym_gemm/include/cutlass/gemm/warp/softmax_scale_bias_transform.h -> build/bdist.linux-aarch64/wheel/./asym_gemm/include/cutlass/gemm/warp
copying build/lib.linux-aarch64-cpython-312/asym_gemm/include/cutlass/gemm/dispatch_policy.hpp -> build/bdist.linux-aarch64/wheel/./asym_gemm/include/cutlass/gemm
copying build/lib.linux-aarch64-cpython-312/asym_gemm/include/cutlass/gemm/gemm_enumerated_types.h -> build/bdist.linux-aarch64/wheel/./asym_gemm/include/cutlass/gemm
creating build/bdist.linux-aarch64/wheel/asym_gemm/include/cutlass/gemm/collective
copying build/lib.linux-aarch64-cpython-312/asym_gemm/include/cutlass/gemm/collective/sm100_blockscaled_mma_mixed_tma_cpasync_warpspecialized.hpp -> build/bdist.linux-aarch64/wheel/./asym_gemm/include/cutlass/gemm/collective
copying build/lib.linux-aarch64-cpython-312/asym_gemm/include/cutlass/gemm/collective/sm90_mma_tma_gmma_rs_warpspecialized_mixed_input.hpp -> build/bdist.linux-aarch64/wheel/./asym_gemm/include/cutlass/gemm/collective
copying build/lib.linux-aarch64-cpython-312/asym_gemm/include/cutlass/gemm/collective/sm100_sparse_mma_warpspecialized.hpp -> build/bdist.linux-aarch64/wheel/./asym_gemm/include/cutlass/gemm/collective
copying build/lib.linux-aarch64-cpython-312/asym_gemm/include/cutlass/gemm/collective/sm90_sparse_mma_tma_gmma_ss_warpspecialized_fp8.hpp -> build/bdist.linux-aarch64/wheel/./asym_gemm/include/cutlass/gemm/collective
copying build/lib.linux-aarch64-cpython-312/asym_gemm/include/cutlass/gemm/collective/collective_mma.hpp -> build/bdist.linux-aarch64/wheel/./asym_gemm/include/cutlass/gemm/collective
copying build/lib.linux-aarch64-cpython-312/asym_gemm/include/cutlass/gemm/collective/sm120_mma_tma_blockwise_scaling.hpp -> build/bdist.linux-aarch64/wheel/./asym_gemm/include/cutlass/gemm/collective
copying build/lib.linux-aarch64-cpython-312/asym_gemm/include/cutlass/gemm/collective/sm90_mma_tma_gmma_ss_warpspecialized_fp8_blockwise_scaling.hpp -> build/bdist.linux-aarch64/wheel/./asym_gemm/include/cutlass/gemm/collective
copying build/lib.linux-aarch64-cpython-312/asym_gemm/include/cutlass/gemm/collective/sm100_mma_warpspecialized_mixed_input.hpp -> build/bdist.linux-aarch64/wheel/./asym_gemm/include/cutlass/gemm/collective
copying build/lib.linux-aarch64-cpython-312/asym_gemm/include/cutlass/gemm/collective/sm100_mma_warpspecialized_blockwise_scaling.hpp -> build/bdist.linux-aarch64/wheel/./asym_gemm/include/cutlass/gemm/collective
copying build/lib.linux-aarch64-cpython-312/asym_gemm/include/cutlass/gemm/collective/sm100_mma_array_warpspecialized.hpp -> build/bdist.linux-aarch64/wheel/./asym_gemm/include/cutlass/gemm/collective
copying build/lib.linux-aarch64-cpython-312/asym_gemm/include/cutlass/gemm/collective/sm80_mma_array_multistage.hpp -> build/bdist.linux-aarch64/wheel/./asym_gemm/include/cutlass/gemm/collective
copying build/lib.linux-aarch64-cpython-312/asym_gemm/include/cutlass/gemm/collective/sm100_mma_warpspecialized_emulated.hpp -> build/bdist.linux-aarch64/wheel/./asym_gemm/include/cutlass/gemm/collective
copying build/lib.linux-aarch64-cpython-312/asym_gemm/include/cutlass/gemm/collective/sm120_mma_tma.hpp -> build/bdist.linux-aarch64/wheel/./asym_gemm/include/cutlass/gemm/collective
copying build/lib.linux-aarch64-cpython-312/asym_gemm/include/cutlass/gemm/collective/sm103_blockscaled_mma_array_warpspecialized.hpp -> build/bdist.linux-aarch64/wheel/./asym_gemm/include/cutlass/gemm/collective
copying build/lib.linux-aarch64-cpython-312/asym_gemm/include/cutlass/gemm/collective/sm120_blockscaled_sparse_mma_tma.hpp -> build/bdist.linux-aarch64/wheel/./asym_gemm/include/cutlass/gemm/collective
copying build/lib.linux-aarch64-cpython-312/asym_gemm/include/cutlass/gemm/collective/collective_mma_decl.hpp -> build/bdist.linux-aarch64/wheel/./asym_gemm/include/cutlass/gemm/collective
copying build/lib.linux-aarch64-cpython-312/asym_gemm/include/cutlass/gemm/collective/sm100_mma_array_warpspecialized_emulated.hpp -> build/bdist.linux-aarch64/wheel/./asym_gemm/include/cutlass/gemm/collective
copying build/lib.linux-aarch64-cpython-312/asym_gemm/include/cutlass/gemm/collective/sm80_mma_multistage.hpp -> build/bdist.linux-aarch64/wheel/./asym_gemm/include/cutlass/gemm/collective
copying build/lib.linux-aarch64-cpython-312/asym_gemm/include/cutlass/gemm/collective/sm90_mma_array_tma_gmma_rs_warpspecialized_mixed_input.hpp -> build/bdist.linux-aarch64/wheel/./asym_gemm/include/cutlass/gemm/collective
copying build/lib.linux-aarch64-cpython-312/asym_gemm/include/cutlass/gemm/collective/collective_builder_decl.hpp -> build/bdist.linux-aarch64/wheel/./asym_gemm/include/cutlass/gemm/collective
copying build/lib.linux-aarch64-cpython-312/asym_gemm/include/cutlass/gemm/collective/sm120_blockscaled_mma_array_tma.hpp -> build/bdist.linux-aarch64/wheel/./asym_gemm/include/cutlass/gemm/collective
copying build/lib.linux-aarch64-cpython-312/asym_gemm/include/cutlass/gemm/collective/sm90_sparse_mma_tma_gmma_ss_warpspecialized.hpp -> build/bdist.linux-aarch64/wheel/./asym_gemm/include/cutlass/gemm/collective
copying build/lib.linux-aarch64-cpython-312/asym_gemm/include/cutlass/gemm/collective/sm120_blockscaled_mma_tma.hpp -> build/bdist.linux-aarch64/wheel/./asym_gemm/include/cutlass/gemm/collective
copying build/lib.linux-aarch64-cpython-312/asym_gemm/include/cutlass/gemm/collective/sm100_mma_array_warpspecialized_blockwise_scaling.hpp -> build/bdist.linux-aarch64/wheel/./asym_gemm/include/cutlass/gemm/collective
copying build/lib.linux-aarch64-cpython-312/asym_gemm/include/cutlass/gemm/collective/sm120_sparse_mma_tma.hpp -> build/bdist.linux-aarch64/wheel/./asym_gemm/include/cutlass/gemm/collective
creating build/bdist.linux-aarch64/wheel/asym_gemm/include/cutlass/gemm/collective/builders
copying build/lib.linux-aarch64-cpython-312/asym_gemm/include/cutlass/gemm/collective/builders/sm120_sparse_mma_builder.inl -> build/bdist.linux-aarch64/wheel/./asym_gemm/include/cutlass/gemm/collective/builders
copying build/lib.linux-aarch64-cpython-312/asym_gemm/include/cutlass/gemm/collective/builders/sm90_sparse_gmma_builder.inl -> build/bdist.linux-aarch64/wheel/./asym_gemm/include/cutlass/gemm/collective/builders
copying build/lib.linux-aarch64-cpython-312/asym_gemm/include/cutlass/gemm/collective/builders/sm100_9xBF16_umma_builder.inl -> build/bdist.linux-aarch64/wheel/./asym_gemm/include/cutlass/gemm/collective/builders
copying build/lib.linux-aarch64-cpython-312/asym_gemm/include/cutlass/gemm/collective/builders/sm1xx_sparse_config.inl -> build/bdist.linux-aarch64/wheel/./asym_gemm/include/cutlass/gemm/collective/builders
copying build/lib.linux-aarch64-cpython-312/asym_gemm/include/cutlass/gemm/collective/builders/sm100_blockwise_umma_builder.inl -> build/bdist.linux-aarch64/wheel/./asym_gemm/include/cutlass/gemm/collective/builders
copying build/lib.linux-aarch64-cpython-312/asym_gemm/include/cutlass/gemm/collective/builders/sm100_blockscaled_umma_builder.inl -> build/bdist.linux-aarch64/wheel/./asym_gemm/include/cutlass/gemm/collective/builders
copying build/lib.linux-aarch64-cpython-312/asym_gemm/include/cutlass/gemm/collective/builders/sm103_blockscaled_umma_builder.inl -> build/bdist.linux-aarch64/wheel/./asym_gemm/include/cutlass/gemm/collective/builders
copying build/lib.linux-aarch64-cpython-312/asym_gemm/include/cutlass/gemm/collective/builders/sm100_simt_builder.inl -> build/bdist.linux-aarch64/wheel/./asym_gemm/include/cutlass/gemm/collective/builders
copying build/lib.linux-aarch64-cpython-312/asym_gemm/include/cutlass/gemm/collective/builders/sm120_common.inl -> build/bdist.linux-aarch64/wheel/./asym_gemm/include/cutlass/gemm/collective/builders
copying build/lib.linux-aarch64-cpython-312/asym_gemm/include/cutlass/gemm/collective/builders/sm120_blockscaled_sparse_mma_builder.inl -> build/bdist.linux-aarch64/wheel/./asym_gemm/include/cutlass/gemm/collective/builders
copying build/lib.linux-aarch64-cpython-312/asym_gemm/include/cutlass/gemm/collective/builders/sm100_mixed_tma_cpasync_umma_builder.inl -> build/bdist.linux-aarch64/wheel/./asym_gemm/include/cutlass/gemm/collective/builders
copying build/lib.linux-aarch64-cpython-312/asym_gemm/include/cutlass/gemm/collective/builders/sm100_pipeline_carveout.inl -> build/bdist.linux-aarch64/wheel/./asym_gemm/include/cutlass/gemm/collective/builders
copying build/lib.linux-aarch64-cpython-312/asym_gemm/include/cutlass/gemm/collective/builders/sm90_common.inl -> build/bdist.linux-aarch64/wheel/./asym_gemm/include/cutlass/gemm/collective/builders
copying build/lib.linux-aarch64-cpython-312/asym_gemm/include/cutlass/gemm/collective/builders/sm100_umma_builder.inl -> build/bdist.linux-aarch64/wheel/./asym_gemm/include/cutlass/gemm/collective/builders
copying build/lib.linux-aarch64-cpython-312/asym_gemm/include/cutlass/gemm/collective/builders/sm100_mixed_input_umma_builder.inl -> build/bdist.linux-aarch64/wheel/./asym_gemm/include/cutlass/gemm/collective/builders
copying build/lib.linux-aarch64-cpython-312/asym_gemm/include/cutlass/gemm/collective/builders/sm100_blockscaled_sparse_umma_builder.inl -> build/bdist.linux-aarch64/wheel/./asym_gemm/include/cutlass/gemm/collective/builders
copying build/lib.linux-aarch64-cpython-312/asym_gemm/include/cutlass/gemm/collective/builders/sm1xx_common.inl -> build/bdist.linux-aarch64/wheel/./asym_gemm/include/cutlass/gemm/collective/builders
copying build/lib.linux-aarch64-cpython-312/asym_gemm/include/cutlass/gemm/collective/builders/sm120_blockscaled_mma_builder.inl -> build/bdist.linux-aarch64/wheel/./asym_gemm/include/cutlass/gemm/collective/builders
copying build/lib.linux-aarch64-cpython-312/asym_gemm/include/cutlass/gemm/collective/builders/sm100_common.inl -> build/bdist.linux-aarch64/wheel/./asym_gemm/include/cutlass/gemm/collective/builders
copying build/lib.linux-aarch64-cpython-312/asym_gemm/include/cutlass/gemm/collective/builders/sm90_sparse_config.inl -> build/bdist.linux-aarch64/wheel/./asym_gemm/include/cutlass/gemm/collective/builders
copying build/lib.linux-aarch64-cpython-312/asym_gemm/include/cutlass/gemm/collective/builders/sm100_sparse_umma_builder.inl -> build/bdist.linux-aarch64/wheel/./asym_gemm/include/cutlass/gemm/collective/builders
copying build/lib.linux-aarch64-cpython-312/asym_gemm/include/cutlass/gemm/collective/builders/sm100_cpasync_umma_builder.inl -> build/bdist.linux-aarch64/wheel/./asym_gemm/include/cutlass/gemm/collective/builders
copying build/lib.linux-aarch64-cpython-312/asym_gemm/include/cutlass/gemm/collective/builders/sm100_blockscaled_mixed_tma_cpasync_umma_builder.inl -> build/bdist.linux-aarch64/wheel/./asym_gemm/include/cutlass/gemm/collective/builders
copying build/lib.linux-aarch64-cpython-312/asym_gemm/include/cutlass/gemm/collective/builders/sm90_gmma_builder.inl -> build/bdist.linux-aarch64/wheel/./asym_gemm/include/cutlass/gemm/collective/builders
copying build/lib.linux-aarch64-cpython-312/asym_gemm/include/cutlass/gemm/collective/builders/sm120_blockwise_mma_builder.inl -> build/bdist.linux-aarch64/wheel/./asym_gemm/include/cutlass/gemm/collective/builders
copying build/lib.linux-aarch64-cpython-312/asym_gemm/include/cutlass/gemm/collective/builders/sm120_mma_builder.inl -> build/bdist.linux-aarch64/wheel/./asym_gemm/include/cutlass/gemm/collective/builders
copying build/lib.linux-aarch64-cpython-312/asym_gemm/include/cutlass/gemm/collective/sm100_mma_warpspecialized.hpp -> build/bdist.linux-aarch64/wheel/./asym_gemm/include/cutlass/gemm/collective
copying build/lib.linux-aarch64-cpython-312/asym_gemm/include/cutlass/gemm/collective/sm100_blockscaled_mma_array_warpspecialized.hpp -> build/bdist.linux-aarch64/wheel/./asym_gemm/include/cutlass/gemm/collective
copying build/lib.linux-aarch64-cpython-312/asym_gemm/include/cutlass/gemm/collective/sm100_blockscaled_mma_warpspecialized.hpp -> build/bdist.linux-aarch64/wheel/./asym_gemm/include/cutlass/gemm/collective
copying build/lib.linux-aarch64-cpython-312/asym_gemm/include/cutlass/gemm/collective/sm90_mma_tma_gmma_ss.hpp -> build/bdist.linux-aarch64/wheel/./asym_gemm/include/cutlass/gemm/collective
copying build/lib.linux-aarch64-cpython-312/asym_gemm/include/cutlass/gemm/collective/sm90_mma_tma_gmma_ss_warpspecialized_fp8.hpp -> build/bdist.linux-aarch64/wheel/./asym_gemm/include/cutlass/gemm/collective
copying build/lib.linux-aarch64-cpython-312/asym_gemm/include/cutlass/gemm/collective/sm90_mma_multistage_gmma_ss_warpspecialized.hpp -> build/bdist.linux-aarch64/wheel/./asym_gemm/include/cutlass/gemm/collective
copying build/lib.linux-aarch64-cpython-312/asym_gemm/include/cutlass/gemm/collective/fp8_accumulation.hpp -> build/bdist.linux-aarch64/wheel/./asym_gemm/include/cutlass/gemm/collective
copying build/lib.linux-aarch64-cpython-312/asym_gemm/include/cutlass/gemm/collective/sm90_mma_array_tma_gmma_ss_warpspecialized_fp8_blockwise_scaling.hpp -> build/bdist.linux-aarch64/wheel/./asym_gemm/include/cutlass/gemm/collective
copying build/lib.linux-aarch64-cpython-312/asym_gemm/include/cutlass/gemm/collective/sm103_blockscaled_mma_warpspecialized.hpp -> build/bdist.linux-aarch64/wheel/./asym_gemm/include/cutlass/gemm/collective
copying build/lib.linux-aarch64-cpython-312/asym_gemm/include/cutlass/gemm/collective/sm90_mma_tma_gmma_ss_warpspecialized.hpp -> build/bdist.linux-aarch64/wheel/./asym_gemm/include/cutlass/gemm/collective
copying build/lib.linux-aarch64-cpython-312/asym_gemm/include/cutlass/gemm/collective/sm100_mma_cpasync_warpspecialized.hpp -> build/bdist.linux-aarch64/wheel/./asym_gemm/include/cutlass/gemm/collective
copying build/lib.linux-aarch64-cpython-312/asym_gemm/include/cutlass/gemm/collective/sm90_mma_array_tma_gmma_ss_warpspecialized.hpp -> build/bdist.linux-aarch64/wheel/./asym_gemm/include/cutlass/gemm/collective
copying build/lib.linux-aarch64-cpython-312/asym_gemm/include/cutlass/gemm/collective/sm100_mma_mixed_tma_cpasync_warpspecialized.hpp -> build/bdist.linux-aarch64/wheel/./asym_gemm/include/cutlass/gemm/collective
copying build/lib.linux-aarch64-cpython-312/asym_gemm/include/cutlass/gemm/collective/sm90_mma_tma_gmma_rs_warpspecialized.hpp -> build/bdist.linux-aarch64/wheel/./asym_gemm/include/cutlass/gemm/collective
copying build/lib.linux-aarch64-cpython-312/asym_gemm/include/cutlass/gemm/collective/sm100_blockscaled_sparse_mma_warpspecialized.hpp -> build/bdist.linux-aarch64/wheel/./asym_gemm/include/cutlass/gemm/collective
copying build/lib.linux-aarch64-cpython-312/asym_gemm/include/cutlass/gemm/collective/collective_builder.hpp -> build/bdist.linux-aarch64/wheel/./asym_gemm/include/cutlass/gemm/collective
copying build/lib.linux-aarch64-cpython-312/asym_gemm/include/cutlass/gemm/collective/sm90_mma_multistage_gmma_rs_warpspecialized.hpp -> build/bdist.linux-aarch64/wheel/./asym_gemm/include/cutlass/gemm/collective
copying build/lib.linux-aarch64-cpython-312/asym_gemm/include/cutlass/gemm/collective/sm70_mma_twostage.hpp -> build/bdist.linux-aarch64/wheel/./asym_gemm/include/cutlass/gemm/collective
copying build/lib.linux-aarch64-cpython-312/asym_gemm/include/cutlass/gemm/collective/sm120_mma_array_tma_blockwise_scaling.hpp -> build/bdist.linux-aarch64/wheel/./asym_gemm/include/cutlass/gemm/collective
copying build/lib.linux-aarch64-cpython-312/asym_gemm/include/cutlass/gemm/collective/sm90_mma_array_tma_gmma_ss_warpspecialized_fp8.hpp -> build/bdist.linux-aarch64/wheel/./asym_gemm/include/cutlass/gemm/collective
creating build/bdist.linux-aarch64/wheel/asym_gemm/include/cutlass/gemm/threadblock
copying build/lib.linux-aarch64-cpython-312/asym_gemm/include/cutlass/gemm/threadblock/default_mma_core_with_access_size.h -> build/bdist.linux-aarch64/wheel/./asym_gemm/include/cutlass/gemm/threadblock
copying build/lib.linux-aarch64-cpython-312/asym_gemm/include/cutlass/gemm/threadblock/index_remat.h -> build/bdist.linux-aarch64/wheel/./asym_gemm/include/cutlass/gemm/threadblock
copying build/lib.linux-aarch64-cpython-312/asym_gemm/include/cutlass/gemm/threadblock/gemv.h -> build/bdist.linux-aarch64/wheel/./asym_gemm/include/cutlass/gemm/threadblock
copying build/lib.linux-aarch64-cpython-312/asym_gemm/include/cutlass/gemm/threadblock/default_mma_planar_complex_pipelined.h -> build/bdist.linux-aarch64/wheel/./asym_gemm/include/cutlass/gemm/threadblock
copying build/lib.linux-aarch64-cpython-312/asym_gemm/include/cutlass/gemm/threadblock/default_multistage_mma_complex_core.h -> build/bdist.linux-aarch64/wheel/./asym_gemm/include/cutlass/gemm/threadblock
copying build/lib.linux-aarch64-cpython-312/asym_gemm/include/cutlass/gemm/threadblock/default_mma_core_sm75.h -> build/bdist.linux-aarch64/wheel/./asym_gemm/include/cutlass/gemm/threadblock
copying build/lib.linux-aarch64-cpython-312/asym_gemm/include/cutlass/gemm/threadblock/mma_sparse_multistage.h -> build/bdist.linux-aarch64/wheel/./asym_gemm/include/cutlass/gemm/threadblock
copying build/lib.linux-aarch64-cpython-312/asym_gemm/include/cutlass/gemm/threadblock/mma_with_reduction_multistage.h -> build/bdist.linux-aarch64/wheel/./asym_gemm/include/cutlass/gemm/threadblock
copying build/lib.linux-aarch64-cpython-312/asym_gemm/include/cutlass/gemm/threadblock/default_gemv_core.h -> build/bdist.linux-aarch64/wheel/./asym_gemm/include/cutlass/gemm/threadblock
copying build/lib.linux-aarch64-cpython-312/asym_gemm/include/cutlass/gemm/threadblock/mma_planar_complex_multistage.h -> build/bdist.linux-aarch64/wheel/./asym_gemm/include/cutlass/gemm/threadblock
copying build/lib.linux-aarch64-cpython-312/asym_gemm/include/cutlass/gemm/threadblock/mma_base.h -> build/bdist.linux-aarch64/wheel/./asym_gemm/include/cutlass/gemm/threadblock
copying build/lib.linux-aarch64-cpython-312/asym_gemm/include/cutlass/gemm/threadblock/mma_blas3_multistage.h -> build/bdist.linux-aarch64/wheel/./asym_gemm/include/cutlass/gemm/threadblock
copying build/lib.linux-aarch64-cpython-312/asym_gemm/include/cutlass/gemm/threadblock/default_mma_core.h -> build/bdist.linux-aarch64/wheel/./asym_gemm/include/cutlass/gemm/threadblock
copying build/lib.linux-aarch64-cpython-312/asym_gemm/include/cutlass/gemm/threadblock/default_mma_layernorm_mainloop_fusion.h -> build/bdist.linux-aarch64/wheel/./asym_gemm/include/cutlass/gemm/threadblock
copying build/lib.linux-aarch64-cpython-312/asym_gemm/include/cutlass/gemm/threadblock/ell_mma_multistage.h -> build/bdist.linux-aarch64/wheel/./asym_gemm/include/cutlass/gemm/threadblock
copying build/lib.linux-aarch64-cpython-312/asym_gemm/include/cutlass/gemm/threadblock/mma_singlestage.h -> build/bdist.linux-aarch64/wheel/./asym_gemm/include/cutlass/gemm/threadblock
copying build/lib.linux-aarch64-cpython-312/asym_gemm/include/cutlass/gemm/threadblock/mma_planar_complex_pipelined.h -> build/bdist.linux-aarch64/wheel/./asym_gemm/include/cutlass/gemm/threadblock
copying build/lib.linux-aarch64-cpython-312/asym_gemm/include/cutlass/gemm/threadblock/default_mma_core_with_reduction.h -> build/bdist.linux-aarch64/wheel/./asym_gemm/include/cutlass/gemm/threadblock
copying build/lib.linux-aarch64-cpython-312/asym_gemm/include/cutlass/gemm/threadblock/ell_mma_pipelined.h -> build/bdist.linux-aarch64/wheel/./asym_gemm/include/cutlass/gemm/threadblock
copying build/lib.linux-aarch64-cpython-312/asym_gemm/include/cutlass/gemm/threadblock/default_mma_core_sparse_sm80.h -> build/bdist.linux-aarch64/wheel/./asym_gemm/include/cutlass/gemm/threadblock
copying build/lib.linux-aarch64-cpython-312/asym_gemm/include/cutlass/gemm/threadblock/default_multistage_mma_complex_core_sm80.h -> build/bdist.linux-aarch64/wheel/./asym_gemm/include/cutlass/gemm/threadblock
copying build/lib.linux-aarch64-cpython-312/asym_gemm/include/cutlass/gemm/threadblock/default_multistage_mma_complex.h -> build/bdist.linux-aarch64/wheel/./asym_gemm/include/cutlass/gemm/threadblock
copying build/lib.linux-aarch64-cpython-312/asym_gemm/include/cutlass/gemm/threadblock/default_mma_planar_complex_multistage.h -> build/bdist.linux-aarch64/wheel/./asym_gemm/include/cutlass/gemm/threadblock
copying build/lib.linux-aarch64-cpython-312/asym_gemm/include/cutlass/gemm/threadblock/default_ell_mma.h -> build/bdist.linux-aarch64/wheel/./asym_gemm/include/cutlass/gemm/threadblock
copying build/lib.linux-aarch64-cpython-312/asym_gemm/include/cutlass/gemm/threadblock/default_mma_softmax_mainloop_fusion.h -> build/bdist.linux-aarch64/wheel/./asym_gemm/include/cutlass/gemm/threadblock
copying build/lib.linux-aarch64-cpython-312/asym_gemm/include/cutlass/gemm/threadblock/default_mma.h -> build/bdist.linux-aarch64/wheel/./asym_gemm/include/cutlass/gemm/threadblock
copying build/lib.linux-aarch64-cpython-312/asym_gemm/include/cutlass/gemm/threadblock/default_mma_core_wmma.h -> build/bdist.linux-aarch64/wheel/./asym_gemm/include/cutlass/gemm/threadblock
copying build/lib.linux-aarch64-cpython-312/asym_gemm/include/cutlass/gemm/threadblock/threadblock_swizzle.h -> build/bdist.linux-aarch64/wheel/./asym_gemm/include/cutlass/gemm/threadblock
copying build/lib.linux-aarch64-cpython-312/asym_gemm/include/cutlass/gemm/threadblock/mma_layernorm_mainloop_fusion_multistage.h -> build/bdist.linux-aarch64/wheel/./asym_gemm/include/cutlass/gemm/threadblock
copying build/lib.linux-aarch64-cpython-312/asym_gemm/include/cutlass/gemm/threadblock/threadblock_swizzle_streamk.h -> build/bdist.linux-aarch64/wheel/./asym_gemm/include/cutlass/gemm/threadblock
copying build/lib.linux-aarch64-cpython-312/asym_gemm/include/cutlass/gemm/threadblock/default_mma_with_reduction.h -> build/bdist.linux-aarch64/wheel/./asym_gemm/include/cutlass/gemm/threadblock
copying build/lib.linux-aarch64-cpython-312/asym_gemm/include/cutlass/gemm/threadblock/default_sparse_mma.h -> build/bdist.linux-aarch64/wheel/./asym_gemm/include/cutlass/gemm/threadblock
copying build/lib.linux-aarch64-cpython-312/asym_gemm/include/cutlass/gemm/threadblock/default_mma_core_sm80.h -> build/bdist.linux-aarch64/wheel/./asym_gemm/include/cutlass/gemm/threadblock
copying build/lib.linux-aarch64-cpython-312/asym_gemm/include/cutlass/gemm/threadblock/default_mma_core_simt.h -> build/bdist.linux-aarch64/wheel/./asym_gemm/include/cutlass/gemm/threadblock
copying build/lib.linux-aarch64-cpython-312/asym_gemm/include/cutlass/gemm/threadblock/mma_softmax_mainloop_fusion_multistage.h -> build/bdist.linux-aarch64/wheel/./asym_gemm/include/cutlass/gemm/threadblock
copying build/lib.linux-aarch64-cpython-312/asym_gemm/include/cutlass/gemm/threadblock/default_mma_core_sm70.h -> build/bdist.linux-aarch64/wheel/./asym_gemm/include/cutlass/gemm/threadblock
copying build/lib.linux-aarch64-cpython-312/asym_gemm/include/cutlass/gemm/threadblock/mma_sparse_base.h -> build/bdist.linux-aarch64/wheel/./asym_gemm/include/cutlass/gemm/threadblock
copying build/lib.linux-aarch64-cpython-312/asym_gemm/include/cutlass/gemm/threadblock/default_multistage_trmm_complex.h -> build/bdist.linux-aarch64/wheel/./asym_gemm/include/cutlass/gemm/threadblock
copying build/lib.linux-aarch64-cpython-312/asym_gemm/include/cutlass/gemm/threadblock/mma_pipelined.h -> build/bdist.linux-aarch64/wheel/./asym_gemm/include/cutlass/gemm/threadblock
copying build/lib.linux-aarch64-cpython-312/asym_gemm/include/cutlass/gemm/threadblock/mma_multistage.h -> build/bdist.linux-aarch64/wheel/./asym_gemm/include/cutlass/gemm/threadblock
copying build/lib.linux-aarch64-cpython-312/asym_gemm/include/cutlass/gemm/threadblock/default_trmm.h -> build/bdist.linux-aarch64/wheel/./asym_gemm/include/cutlass/gemm/threadblock
copying build/lib.linux-aarch64-cpython-312/asym_gemm/include/cutlass/gemm/threadblock/mma_planar_complex_base.h -> build/bdist.linux-aarch64/wheel/./asym_gemm/include/cutlass/gemm/threadblock
creating build/bdist.linux-aarch64/wheel/asym_gemm/include/cutlass/gemm/thread
copying build/lib.linux-aarch64-cpython-312/asym_gemm/include/cutlass/gemm/thread/mma_sm61.h -> build/bdist.linux-aarch64/wheel/./asym_gemm/include/cutlass/gemm/thread
copying build/lib.linux-aarch64-cpython-312/asym_gemm/include/cutlass/gemm/thread/mma_sm50.h -> build/bdist.linux-aarch64/wheel/./asym_gemm/include/cutlass/gemm/thread
copying build/lib.linux-aarch64-cpython-312/asym_gemm/include/cutlass/gemm/thread/mma.h -> build/bdist.linux-aarch64/wheel/./asym_gemm/include/cutlass/gemm/thread
copying build/lib.linux-aarch64-cpython-312/asym_gemm/include/cutlass/gemm/thread/mma_sm60.h -> build/bdist.linux-aarch64/wheel/./asym_gemm/include/cutlass/gemm/thread
creating build/bdist.linux-aarch64/wheel/asym_gemm/include/cutlass/gemm/device
copying build/lib.linux-aarch64-cpython-312/asym_gemm/include/cutlass/gemm/device/gemv.h -> build/bdist.linux-aarch64/wheel/./asym_gemm/include/cutlass/gemm/device
copying build/lib.linux-aarch64-cpython-312/asym_gemm/include/cutlass/gemm/device/gemm_layernorm_mainloop_fusion.h -> build/bdist.linux-aarch64/wheel/./asym_gemm/include/cutlass/gemm/device
copying build/lib.linux-aarch64-cpython-312/asym_gemm/include/cutlass/gemm/device/ell_gemm.h -> build/bdist.linux-aarch64/wheel/./asym_gemm/include/cutlass/gemm/device
copying build/lib.linux-aarch64-cpython-312/asym_gemm/include/cutlass/gemm/device/gemm_universal_with_broadcast.h -> build/bdist.linux-aarch64/wheel/./asym_gemm/include/cutlass/gemm/device
copying build/lib.linux-aarch64-cpython-312/asym_gemm/include/cutlass/gemm/device/gemm_with_k_reduction.h -> build/bdist.linux-aarch64/wheel/./asym_gemm/include/cutlass/gemm/device
copying build/lib.linux-aarch64-cpython-312/asym_gemm/include/cutlass/gemm/device/trmm.h -> build/bdist.linux-aarch64/wheel/./asym_gemm/include/cutlass/gemm/device
copying build/lib.linux-aarch64-cpython-312/asym_gemm/include/cutlass/gemm/device/gemm_universal_with_absmax.h -> build/bdist.linux-aarch64/wheel/./asym_gemm/include/cutlass/gemm/device
copying build/lib.linux-aarch64-cpython-312/asym_gemm/include/cutlass/gemm/device/gemm_grouped.h -> build/bdist.linux-aarch64/wheel/./asym_gemm/include/cutlass/gemm/device
copying build/lib.linux-aarch64-cpython-312/asym_gemm/include/cutlass/gemm/device/symm.h -> build/bdist.linux-aarch64/wheel/./asym_gemm/include/cutlass/gemm/device
copying build/lib.linux-aarch64-cpython-312/asym_gemm/include/cutlass/gemm/device/gemm_complex.h -> build/bdist.linux-aarch64/wheel/./asym_gemm/include/cutlass/gemm/device
copying build/lib.linux-aarch64-cpython-312/asym_gemm/include/cutlass/gemm/device/gemm_universal_base.h -> build/bdist.linux-aarch64/wheel/./asym_gemm/include/cutlass/gemm/device
copying build/lib.linux-aarch64-cpython-312/asym_gemm/include/cutlass/gemm/device/gemm_sparse_with_visitor.h -> build/bdist.linux-aarch64/wheel/./asym_gemm/include/cutlass/gemm/device
copying build/lib.linux-aarch64-cpython-312/asym_gemm/include/cutlass/gemm/device/rank_k.h -> build/bdist.linux-aarch64/wheel/./asym_gemm/include/cutlass/gemm/device
copying build/lib.linux-aarch64-cpython-312/asym_gemm/include/cutlass/gemm/device/gemm_universal_streamk_with_broadcast.h -> build/bdist.linux-aarch64/wheel/./asym_gemm/include/cutlass/gemm/device
copying build/lib.linux-aarch64-cpython-312/asym_gemm/include/cutlass/gemm/device/rank_2k.h -> build/bdist.linux-aarch64/wheel/./asym_gemm/include/cutlass/gemm/device
copying build/lib.linux-aarch64-cpython-312/asym_gemm/include/cutlass/gemm/device/gemv_blockscaled.h -> build/bdist.linux-aarch64/wheel/./asym_gemm/include/cutlass/gemm/device
copying build/lib.linux-aarch64-cpython-312/asym_gemm/include/cutlass/gemm/device/rank_2k_grouped.h -> build/bdist.linux-aarch64/wheel/./asym_gemm/include/cutlass/gemm/device
copying build/lib.linux-aarch64-cpython-312/asym_gemm/include/cutlass/gemm/device/gemm_sparse.h -> build/bdist.linux-aarch64/wheel/./asym_gemm/include/cutlass/gemm/device
copying build/lib.linux-aarch64-cpython-312/asym_gemm/include/cutlass/gemm/device/gemm_universal.h -> build/bdist.linux-aarch64/wheel/./asym_gemm/include/cutlass/gemm/device
copying build/lib.linux-aarch64-cpython-312/asym_gemm/include/cutlass/gemm/device/gemm_array.h -> build/bdist.linux-aarch64/wheel/./asym_gemm/include/cutlass/gemm/device
copying build/lib.linux-aarch64-cpython-312/asym_gemm/include/cutlass/gemm/device/gemm_universal_adapter.h -> build/bdist.linux-aarch64/wheel/./asym_gemm/include/cutlass/gemm/device
copying build/lib.linux-aarch64-cpython-312/asym_gemm/include/cutlass/gemm/device/gemm_batched.h -> build/bdist.linux-aarch64/wheel/./asym_gemm/include/cutlass/gemm/device
copying build/lib.linux-aarch64-cpython-312/asym_gemm/include/cutlass/gemm/device/gemm_sparse_universal.h -> build/bdist.linux-aarch64/wheel/./asym_gemm/include/cutlass/gemm/device
copying build/lib.linux-aarch64-cpython-312/asym_gemm/include/cutlass/gemm/device/default_gemm_configuration.h -> build/bdist.linux-aarch64/wheel/./asym_gemm/include/cutlass/gemm/device
copying build/lib.linux-aarch64-cpython-312/asym_gemm/include/cutlass/gemm/device/gemm_sparse_universal_with_absmax.h -> build/bdist.linux-aarch64/wheel/./asym_gemm/include/cutlass/gemm/device
copying build/lib.linux-aarch64-cpython-312/asym_gemm/include/cutlass/gemm/device/gemm_sparse_with_absmax.h -> build/bdist.linux-aarch64/wheel/./asym_gemm/include/cutlass/gemm/device
copying build/lib.linux-aarch64-cpython-312/asym_gemm/include/cutlass/gemm/device/base_grouped.h -> build/bdist.linux-aarch64/wheel/./asym_gemm/include/cutlass/gemm/device
copying build/lib.linux-aarch64-cpython-312/asym_gemm/include/cutlass/gemm/device/gemm_splitk_parallel.h -> build/bdist.linux-aarch64/wheel/./asym_gemm/include/cutlass/gemm/device
copying build/lib.linux-aarch64-cpython-312/asym_gemm/include/cutlass/gemm/device/gemm.h -> build/bdist.linux-aarch64/wheel/./asym_gemm/include/cutlass/gemm/device
creating build/bdist.linux-aarch64/wheel/asym_gemm/include/cutlass/gemm/kernel
copying build/lib.linux-aarch64-cpython-312/asym_gemm/include/cutlass/gemm/kernel/gemv_batched_strided.h -> build/bdist.linux-aarch64/wheel/./asym_gemm/include/cutlass/gemm/kernel
copying build/lib.linux-aarch64-cpython-312/asym_gemm/include/cutlass/gemm/kernel/sm70_gemm.hpp -> build/bdist.linux-aarch64/wheel/./asym_gemm/include/cutlass/gemm/kernel
copying build/lib.linux-aarch64-cpython-312/asym_gemm/include/cutlass/gemm/kernel/default_gemm_sparse_with_visitor.h -> build/bdist.linux-aarch64/wheel/./asym_gemm/include/cutlass/gemm/kernel
copying build/lib.linux-aarch64-cpython-312/asym_gemm/include/cutlass/gemm/kernel/default_trmm_universal.h -> build/bdist.linux-aarch64/wheel/./asym_gemm/include/cutlass/gemm/kernel
copying build/lib.linux-aarch64-cpython-312/asym_gemm/include/cutlass/gemm/kernel/default_trmm_complex.h -> build/bdist.linux-aarch64/wheel/./asym_gemm/include/cutlass/gemm/kernel
copying build/lib.linux-aarch64-cpython-312/asym_gemm/include/cutlass/gemm/kernel/sm90_tile_scheduler.hpp -> build/bdist.linux-aarch64/wheel/./asym_gemm/include/cutlass/gemm/kernel
copying build/lib.linux-aarch64-cpython-312/asym_gemm/include/cutlass/gemm/kernel/sm100_static_tile_scheduler.hpp -> build/bdist.linux-aarch64/wheel/./asym_gemm/include/cutlass/gemm/kernel
copying build/lib.linux-aarch64-cpython-312/asym_gemm/include/cutlass/gemm/kernel/gemv.h -> build/bdist.linux-aarch64/wheel/./asym_gemm/include/cutlass/gemm/kernel
copying build/lib.linux-aarch64-cpython-312/asym_gemm/include/cutlass/gemm/kernel/default_gemm_grouped_softmax_mainloop_fusion.h -> build/bdist.linux-aarch64/wheel/./asym_gemm/include/cutlass/gemm/kernel
copying build/lib.linux-aarch64-cpython-312/asym_gemm/include/cutlass/gemm/kernel/gemm_universal_with_visitor_streamk.h -> build/bdist.linux-aarch64/wheel/./asym_gemm/include/cutlass/gemm/kernel
copying build/lib.linux-aarch64-cpython-312/asym_gemm/include/cutlass/gemm/kernel/gemm_layernorm_mainloop_fusion.h -> build/bdist.linux-aarch64/wheel/./asym_gemm/include/cutlass/gemm/kernel
copying build/lib.linux-aarch64-cpython-312/asym_gemm/include/cutlass/gemm/kernel/default_rank_k_universal.h -> build/bdist.linux-aarch64/wheel/./asym_gemm/include/cutlass/gemm/kernel
copying build/lib.linux-aarch64-cpython-312/asym_gemm/include/cutlass/gemm/kernel/sm100_gemm_cpasync_warpspecialized.hpp -> build/bdist.linux-aarch64/wheel/./asym_gemm/include/cutlass/gemm/kernel
copying build/lib.linux-aarch64-cpython-312/asym_gemm/include/cutlass/gemm/kernel/tile_scheduler_detail.hpp -> build/bdist.linux-aarch64/wheel/./asym_gemm/include/cutlass/gemm/kernel
copying build/lib.linux-aarch64-cpython-312/asym_gemm/include/cutlass/gemm/kernel/ell_gemm.h -> build/bdist.linux-aarch64/wheel/./asym_gemm/include/cutlass/gemm/kernel
copying build/lib.linux-aarch64-cpython-312/asym_gemm/include/cutlass/gemm/kernel/default_gemm.h -> build/bdist.linux-aarch64/wheel/./asym_gemm/include/cutlass/gemm/kernel
copying build/lib.linux-aarch64-cpython-312/asym_gemm/include/cutlass/gemm/kernel/default_rank_2k_grouped.h -> build/bdist.linux-aarch64/wheel/./asym_gemm/include/cutlass/gemm/kernel
copying build/lib.linux-aarch64-cpython-312/asym_gemm/include/cutlass/gemm/kernel/gemm_with_k_reduction.h -> build/bdist.linux-aarch64/wheel/./asym_gemm/include/cutlass/gemm/kernel
copying build/lib.linux-aarch64-cpython-312/asym_gemm/include/cutlass/gemm/kernel/sm90_gemm_warpspecialized_cooperative.hpp -> build/bdist.linux-aarch64/wheel/./asym_gemm/include/cutlass/gemm/kernel
copying build/lib.linux-aarch64-cpython-312/asym_gemm/include/cutlass/gemm/kernel/default_gemm_sparse_universal_with_absmax.h -> build/bdist.linux-aarch64/wheel/./asym_gemm/include/cutlass/gemm/kernel
copying build/lib.linux-aarch64-cpython-312/asym_gemm/include/cutlass/gemm/kernel/default_gemm_sparse.h -> build/bdist.linux-aarch64/wheel/./asym_gemm/include/cutlass/gemm/kernel
copying build/lib.linux-aarch64-cpython-312/asym_gemm/include/cutlass/gemm/kernel/gemm_with_fused_epilogue.h -> build/bdist.linux-aarch64/wheel/./asym_gemm/include/cutlass/gemm/kernel
copying build/lib.linux-aarch64-cpython-312/asym_gemm/include/cutlass/gemm/kernel/gemm_grouped_per_group_scale.h -> build/bdist.linux-aarch64/wheel/./asym_gemm/include/cutlass/gemm/kernel
copying build/lib.linux-aarch64-cpython-312/asym_gemm/include/cutlass/gemm/kernel/sm100_tile_scheduler_stream_k.hpp -> build/bdist.linux-aarch64/wheel/./asym_gemm/include/cutlass/gemm/kernel
copying build/lib.linux-aarch64-cpython-312/asym_gemm/include/cutlass/gemm/kernel/gemm_grouped.h -> build/bdist.linux-aarch64/wheel/./asym_gemm/include/cutlass/gemm/kernel
copying build/lib.linux-aarch64-cpython-312/asym_gemm/include/cutlass/gemm/kernel/sm100_sparse_gemm_tma_warpspecialized.hpp -> build/bdist.linux-aarch64/wheel/./asym_gemm/include/cutlass/gemm/kernel
copying build/lib.linux-aarch64-cpython-312/asym_gemm/include/cutlass/gemm/kernel/default_gemm_grouped.h -> build/bdist.linux-aarch64/wheel/./asym_gemm/include/cutlass/gemm/kernel
copying build/lib.linux-aarch64-cpython-312/asym_gemm/include/cutlass/gemm/kernel/rank_2k_grouped_problem_visitor.h -> build/bdist.linux-aarch64/wheel/./asym_gemm/include/cutlass/gemm/kernel
copying build/lib.linux-aarch64-cpython-312/asym_gemm/include/cutlass/gemm/kernel/sm100_gemm_array_tma_warpspecialized_mma_transform.hpp -> build/bdist.linux-aarch64/wheel/./asym_gemm/include/cutlass/gemm/kernel
copying build/lib.linux-aarch64-cpython-312/asym_gemm/include/cutlass/gemm/kernel/sm90_gemm_array_tma_warpspecialized_pingpong.hpp -> build/bdist.linux-aarch64/wheel/./asym_gemm/include/cutlass/gemm/kernel
copying build/lib.linux-aarch64-cpython-312/asym_gemm/include/cutlass/gemm/kernel/default_gemm_universal.h -> build/bdist.linux-aarch64/wheel/./asym_gemm/include/cutlass/gemm/kernel
copying build/lib.linux-aarch64-cpython-312/asym_gemm/include/cutlass/gemm/kernel/default_gemm_sparse_with_absmax.h -> build/bdist.linux-aarch64/wheel/./asym_gemm/include/cutlass/gemm/kernel
copying build/lib.linux-aarch64-cpython-312/asym_gemm/include/cutlass/gemm/kernel/sm90_gemm_warpspecialized_pingpong.hpp -> build/bdist.linux-aarch64/wheel/./asym_gemm/include/cutlass/gemm/kernel
copying build/lib.linux-aarch64-cpython-312/asym_gemm/include/cutlass/gemm/kernel/gemm_pipelined.h -> build/bdist.linux-aarch64/wheel/./asym_gemm/include/cutlass/gemm/kernel
copying build/lib.linux-aarch64-cpython-312/asym_gemm/include/cutlass/gemm/kernel/default_symm_complex.h -> build/bdist.linux-aarch64/wheel/./asym_gemm/include/cutlass/gemm/kernel
copying build/lib.linux-aarch64-cpython-312/asym_gemm/include/cutlass/gemm/kernel/default_rank_k_complex.h -> build/bdist.linux-aarch64/wheel/./asym_gemm/include/cutlass/gemm/kernel
copying build/lib.linux-aarch64-cpython-312/asym_gemm/include/cutlass/gemm/kernel/trmm_universal.h -> build/bdist.linux-aarch64/wheel/./asym_gemm/include/cutlass/gemm/kernel
copying build/lib.linux-aarch64-cpython-312/asym_gemm/include/cutlass/gemm/kernel/sm90_gemm_warpspecialized.hpp -> build/bdist.linux-aarch64/wheel/./asym_gemm/include/cutlass/gemm/kernel
copying build/lib.linux-aarch64-cpython-312/asym_gemm/include/cutlass/gemm/kernel/sm90_gemm_tma.hpp -> build/bdist.linux-aarch64/wheel/./asym_gemm/include/cutlass/gemm/kernel
copying build/lib.linux-aarch64-cpython-312/asym_gemm/include/cutlass/gemm/kernel/gemm_universal.hpp -> build/bdist.linux-aarch64/wheel/./asym_gemm/include/cutlass/gemm/kernel
copying build/lib.linux-aarch64-cpython-312/asym_gemm/include/cutlass/gemm/kernel/sparse_gemm_with_absmax.h -> build/bdist.linux-aarch64/wheel/./asym_gemm/include/cutlass/gemm/kernel
copying build/lib.linux-aarch64-cpython-312/asym_gemm/include/cutlass/gemm/kernel/default_gemm_universal_with_visitor.h -> build/bdist.linux-aarch64/wheel/./asym_gemm/include/cutlass/gemm/kernel
copying build/lib.linux-aarch64-cpython-312/asym_gemm/include/cutlass/gemm/kernel/sparse_gemm.h -> build/bdist.linux-aarch64/wheel/./asym_gemm/include/cutlass/gemm/kernel
copying build/lib.linux-aarch64-cpython-312/asym_gemm/include/cutlass/gemm/kernel/gemm_universal_decl.h -> build/bdist.linux-aarch64/wheel/./asym_gemm/include/cutlass/gemm/kernel
copying build/lib.linux-aarch64-cpython-312/asym_gemm/include/cutlass/gemm/kernel/sm100_gemm_tma_warpspecialized_input_transform.hpp -> build/bdist.linux-aarch64/wheel/./asym_gemm/include/cutlass/gemm/kernel
copying build/lib.linux-aarch64-cpython-312/asym_gemm/include/cutlass/gemm/kernel/sm100_gemm_array_tma_warpspecialized_input_transform.hpp -> build/bdist.linux-aarch64/wheel/./asym_gemm/include/cutlass/gemm/kernel
copying build/lib.linux-aarch64-cpython-312/asym_gemm/include/cutlass/gemm/kernel/default_rank_2k_universal.h -> build/bdist.linux-aarch64/wheel/./asym_gemm/include/cutlass/gemm/kernel
copying build/lib.linux-aarch64-cpython-312/asym_gemm/include/cutlass/gemm/kernel/default_gemm_layernorm_mainloop_fusion.h -> build/bdist.linux-aarch64/wheel/./asym_gemm/include/cutlass/gemm/kernel
copying build/lib.linux-aarch64-cpython-312/asym_gemm/include/cutlass/gemm/kernel/sm100_gemm_tma_warpspecialized_mma_transform.hpp -> build/bdist.linux-aarch64/wheel/./asym_gemm/include/cutlass/gemm/kernel
copying build/lib.linux-aarch64-cpython-312/asym_gemm/include/cutlass/gemm/kernel/default_symm.h -> build/bdist.linux-aarch64/wheel/./asym_gemm/include/cutlass/gemm/kernel
copying build/lib.linux-aarch64-cpython-312/asym_gemm/include/cutlass/gemm/kernel/default_gemm_with_reduction.h -> build/bdist.linux-aarch64/wheel/./asym_gemm/include/cutlass/gemm/kernel
copying build/lib.linux-aarch64-cpython-312/asym_gemm/include/cutlass/gemm/kernel/default_symm_universal.h -> build/bdist.linux-aarch64/wheel/./asym_gemm/include/cutlass/gemm/kernel
copying build/lib.linux-aarch64-cpython-312/asym_gemm/include/cutlass/gemm/kernel/default_gemm_splitk_parallel.h -> build/bdist.linux-aarch64/wheel/./asym_gemm/include/cutlass/gemm/kernel
copying build/lib.linux-aarch64-cpython-312/asym_gemm/include/cutlass/gemm/kernel/sm100_gemm_tma_warpspecialized_mixed_input_transform.hpp -> build/bdist.linux-aarch64/wheel/./asym_gemm/include/cutlass/gemm/kernel
copying build/lib.linux-aarch64-cpython-312/asym_gemm/include/cutlass/gemm/kernel/sm90_gemm_tma_warpspecialized.hpp -> build/bdist.linux-aarch64/wheel/./asym_gemm/include/cutlass/gemm/kernel
copying build/lib.linux-aarch64-cpython-312/asym_gemm/include/cutlass/gemm/kernel/sparse_gemm_with_visitor.h -> build/bdist.linux-aarch64/wheel/./asym_gemm/include/cutlass/gemm/kernel
copying build/lib.linux-aarch64-cpython-312/asym_gemm/include/cutlass/gemm/kernel/sm90_tile_scheduler_group.hpp -> build/bdist.linux-aarch64/wheel/./asym_gemm/include/cutlass/gemm/kernel
copying build/lib.linux-aarch64-cpython-312/asym_gemm/include/cutlass/gemm/kernel/sm103_blockscaled_gemm_tma_warpspecialized.hpp -> build/bdist.linux-aarch64/wheel/./asym_gemm/include/cutlass/gemm/kernel
copying build/lib.linux-aarch64-cpython-312/asym_gemm/include/cutlass/gemm/kernel/sm90_gemm_array_tma_warpspecialized_cooperative.hpp -> build/bdist.linux-aarch64/wheel/./asym_gemm/include/cutlass/gemm/kernel
copying build/lib.linux-aarch64-cpython-312/asym_gemm/include/cutlass/gemm/kernel/rank_2k_transpose_operands.h -> build/bdist.linux-aarch64/wheel/./asym_gemm/include/cutlass/gemm/kernel
copying build/lib.linux-aarch64-cpython-312/asym_gemm/include/cutlass/gemm/kernel/gemv_blockscaled.h -> build/bdist.linux-aarch64/wheel/./asym_gemm/include/cutlass/gemm/kernel
copying build/lib.linux-aarch64-cpython-312/asym_gemm/include/cutlass/gemm/kernel/gemm_grouped_softmax_mainloop_fusion.h -> build/bdist.linux-aarch64/wheel/./asym_gemm/include/cutlass/gemm/kernel
copying build/lib.linux-aarch64-cpython-312/asym_gemm/include/cutlass/gemm/kernel/rank_2k_grouped.h -> build/bdist.linux-aarch64/wheel/./asym_gemm/include/cutlass/gemm/kernel
copying build/lib.linux-aarch64-cpython-312/asym_gemm/include/cutlass/gemm/kernel/default_rank_2k.h -> build/bdist.linux-aarch64/wheel/./asym_gemm/include/cutlass/gemm/kernel
copying build/lib.linux-aarch64-cpython-312/asym_gemm/include/cutlass/gemm/kernel/gemm_universal.h -> build/bdist.linux-aarch64/wheel/./asym_gemm/include/cutlass/gemm/kernel
copying build/lib.linux-aarch64-cpython-312/asym_gemm/include/cutlass/gemm/kernel/params_universal_base.h -> build/bdist.linux-aarch64/wheel/./asym_gemm/include/cutlass/gemm/kernel
copying build/lib.linux-aarch64-cpython-312/asym_gemm/include/cutlass/gemm/kernel/gemm_universal_streamk.h -> build/bdist.linux-aarch64/wheel/./asym_gemm/include/cutlass/gemm/kernel
copying build/lib.linux-aarch64-cpython-312/asym_gemm/include/cutlass/gemm/kernel/default_gemm_planar_complex_universal.h -> build/bdist.linux-aarch64/wheel/./asym_gemm/include/cutlass/gemm/kernel
copying build/lib.linux-aarch64-cpython-312/asym_gemm/include/cutlass/gemm/kernel/default_gemm_with_absmax.h -> build/bdist.linux-aarch64/wheel/./asym_gemm/include/cutlass/gemm/kernel
copying build/lib.linux-aarch64-cpython-312/asym_gemm/include/cutlass/gemm/kernel/sm100_gemm_array_tma_warpspecialized.hpp -> build/bdist.linux-aarch64/wheel/./asym_gemm/include/cutlass/gemm/kernel
copying build/lib.linux-aarch64-cpython-312/asym_gemm/include/cutlass/gemm/kernel/gemm_grouped_problem_visitor.h -> build/bdist.linux-aarch64/wheel/./asym_gemm/include/cutlass/gemm/kernel
copying build/lib.linux-aarch64-cpython-312/asym_gemm/include/cutlass/gemm/kernel/sm100_gemm_tma_warpspecialized.hpp -> build/bdist.linux-aarch64/wheel/./asym_gemm/include/cutlass/gemm/kernel
copying build/lib.linux-aarch64-cpython-312/asym_gemm/include/cutlass/gemm/kernel/gemm_planar_complex_array.h -> build/bdist.linux-aarch64/wheel/./asym_gemm/include/cutlass/gemm/kernel
copying build/lib.linux-aarch64-cpython-312/asym_gemm/include/cutlass/gemm/kernel/gemm_array.h -> build/bdist.linux-aarch64/wheel/./asym_gemm/include/cutlass/gemm/kernel
copying build/lib.linux-aarch64-cpython-312/asym_gemm/include/cutlass/gemm/kernel/gemm_batched.h -> build/bdist.linux-aarch64/wheel/./asym_gemm/include/cutlass/gemm/kernel
copying build/lib.linux-aarch64-cpython-312/asym_gemm/include/cutlass/gemm/kernel/default_gemm_with_k_reduction.h -> build/bdist.linux-aarch64/wheel/./asym_gemm/include/cutlass/gemm/kernel
copying build/lib.linux-aarch64-cpython-312/asym_gemm/include/cutlass/gemm/kernel/default_gemm_grouped_per_group_scale.h -> build/bdist.linux-aarch64/wheel/./asym_gemm/include/cutlass/gemm/kernel
copying build/lib.linux-aarch64-cpython-312/asym_gemm/include/cutlass/gemm/kernel/symm_universal.h -> build/bdist.linux-aarch64/wheel/./asym_gemm/include/cutlass/gemm/kernel
copying build/lib.linux-aarch64-cpython-312/asym_gemm/include/cutlass/gemm/kernel/sm70_gemm_array.hpp -> build/bdist.linux-aarch64/wheel/./asym_gemm/include/cutlass/gemm/kernel
copying build/lib.linux-aarch64-cpython-312/asym_gemm/include/cutlass/gemm/kernel/default_gemm_streamk_with_broadcast.h -> build/bdist.linux-aarch64/wheel/./asym_gemm/include/cutlass/gemm/kernel
copying build/lib.linux-aarch64-cpython-312/asym_gemm/include/cutlass/gemm/kernel/sm100_gemm_mixed_tma_cpasync_warpspecialized.hpp -> build/bdist.linux-aarch64/wheel/./asym_gemm/include/cutlass/gemm/kernel
copying build/lib.linux-aarch64-cpython-312/asym_gemm/include/cutlass/gemm/kernel/default_rank_k.h -> build/bdist.linux-aarch64/wheel/./asym_gemm/include/cutlass/gemm/kernel
copying build/lib.linux-aarch64-cpython-312/asym_gemm/include/cutlass/gemm/kernel/gemm_sparse_universal.h -> build/bdist.linux-aarch64/wheel/./asym_gemm/include/cutlass/gemm/kernel
copying build/lib.linux-aarch64-cpython-312/asym_gemm/include/cutlass/gemm/kernel/rank_k_universal.h -> build/bdist.linux-aarch64/wheel/./asym_gemm/include/cutlass/gemm/kernel
copying build/lib.linux-aarch64-cpython-312/asym_gemm/include/cutlass/gemm/kernel/sm90_gemm_tma_warpspecialized_cooperative.hpp -> build/bdist.linux-aarch64/wheel/./asym_gemm/include/cutlass/gemm/kernel
copying build/lib.linux-aarch64-cpython-312/asym_gemm/include/cutlass/gemm/kernel/default_rank_2k_complex.h -> build/bdist.linux-aarch64/wheel/./asym_gemm/include/cutlass/gemm/kernel
copying build/lib.linux-aarch64-cpython-312/asym_gemm/include/cutlass/gemm/kernel/default_gemv.h -> build/bdist.linux-aarch64/wheel/./asym_gemm/include/cutlass/gemm/kernel
copying build/lib.linux-aarch64-cpython-312/asym_gemm/include/cutlass/gemm/kernel/gemm_sparse_universal_with_absmax.h -> build/bdist.linux-aarch64/wheel/./asym_gemm/include/cutlass/gemm/kernel
copying build/lib.linux-aarch64-cpython-312/asym_gemm/include/cutlass/gemm/kernel/default_ell_gemm.h -> build/bdist.linux-aarch64/wheel/./asym_gemm/include/cutlass/gemm/kernel
copying build/lib.linux-aarch64-cpython-312/asym_gemm/include/cutlass/gemm/kernel/static_tile_scheduler.hpp -> build/bdist.linux-aarch64/wheel/./asym_gemm/include/cutlass/gemm/kernel
copying build/lib.linux-aarch64-cpython-312/asym_gemm/include/cutlass/gemm/kernel/grouped_problem_visitor.h -> build/bdist.linux-aarch64/wheel/./asym_gemm/include/cutlass/gemm/kernel
copying build/lib.linux-aarch64-cpython-312/asym_gemm/include/cutlass/gemm/kernel/default_gemm_complex.h -> build/bdist.linux-aarch64/wheel/./asym_gemm/include/cutlass/gemm/kernel
copying build/lib.linux-aarch64-cpython-312/asym_gemm/include/cutlass/gemm/kernel/gemm_params.h -> build/bdist.linux-aarch64/wheel/./asym_gemm/include/cutlass/gemm/kernel
copying build/lib.linux-aarch64-cpython-312/asym_gemm/include/cutlass/gemm/kernel/sm100_tile_scheduler.hpp -> build/bdist.linux-aarch64/wheel/./asym_gemm/include/cutlass/gemm/kernel
copying build/lib.linux-aarch64-cpython-312/asym_gemm/include/cutlass/gemm/kernel/sm90_tile_scheduler_stream_k.hpp -> build/bdist.linux-aarch64/wheel/./asym_gemm/include/cutlass/gemm/kernel
copying build/lib.linux-aarch64-cpython-312/asym_gemm/include/cutlass/gemm/kernel/tile_scheduler.hpp -> build/bdist.linux-aarch64/wheel/./asym_gemm/include/cutlass/gemm/kernel
copying build/lib.linux-aarch64-cpython-312/asym_gemm/include/cutlass/gemm/kernel/sm100_tile_scheduler_group.hpp -> build/bdist.linux-aarch64/wheel/./asym_gemm/include/cutlass/gemm/kernel
copying build/lib.linux-aarch64-cpython-312/asym_gemm/include/cutlass/gemm/kernel/default_gemm_with_broadcast.h -> build/bdist.linux-aarch64/wheel/./asym_gemm/include/cutlass/gemm/kernel
copying build/lib.linux-aarch64-cpython-312/asym_gemm/include/cutlass/gemm/kernel/params_sparse_base.h -> build/bdist.linux-aarch64/wheel/./asym_gemm/include/cutlass/gemm/kernel
copying build/lib.linux-aarch64-cpython-312/asym_gemm/include/cutlass/gemm/kernel/gemm_planar_complex.h -> build/bdist.linux-aarch64/wheel/./asym_gemm/include/cutlass/gemm/kernel
copying build/lib.linux-aarch64-cpython-312/asym_gemm/include/cutlass/gemm/kernel/default_trmm.h -> build/bdist.linux-aarch64/wheel/./asym_gemm/include/cutlass/gemm/kernel
copying build/lib.linux-aarch64-cpython-312/asym_gemm/include/cutlass/gemm/kernel/sm90_gemm_tma_warpspecialized_pingpong.hpp -> build/bdist.linux-aarch64/wheel/./asym_gemm/include/cutlass/gemm/kernel
copying build/lib.linux-aarch64-cpython-312/asym_gemm/include/cutlass/gemm/kernel/default_gemm_sparse_universal.h -> build/bdist.linux-aarch64/wheel/./asym_gemm/include/cutlass/gemm/kernel
copying build/lib.linux-aarch64-cpython-312/asym_gemm/include/cutlass/gemm/kernel/gemm_splitk_parallel.h -> build/bdist.linux-aarch64/wheel/./asym_gemm/include/cutlass/gemm/kernel
copying build/lib.linux-aarch64-cpython-312/asym_gemm/include/cutlass/gemm/kernel/gemm_transpose_operands.h -> build/bdist.linux-aarch64/wheel/./asym_gemm/include/cutlass/gemm/kernel
copying build/lib.linux-aarch64-cpython-312/asym_gemm/include/cutlass/gemm/kernel/sm103_blockscaled_gemm_array_tma_warpspecialized.hpp -> build/bdist.linux-aarch64/wheel/./asym_gemm/include/cutlass/gemm/kernel
copying build/lib.linux-aarch64-cpython-312/asym_gemm/include/cutlass/gemm/kernel/gemm_streamk_with_fused_epilogue.h -> build/bdist.linux-aarch64/wheel/./asym_gemm/include/cutlass/gemm/kernel
copying build/lib.linux-aarch64-cpython-312/asym_gemm/include/cutlass/gemm/kernel/sm120_gemm_tma_warpspecialized_cooperative_asymmetric_dma.hpp -> build/bdist.linux-aarch64/wheel/./asym_gemm/include/cutlass/gemm/kernel
copying build/lib.linux-aarch64-cpython-312/asym_gemm/include/cutlass/gemm/kernel/gemm_with_absmax.h -> build/bdist.linux-aarch64/wheel/./asym_gemm/include/cutlass/gemm/kernel
copying build/lib.linux-aarch64-cpython-312/asym_gemm/include/cutlass/gemm/kernel/gemm.h -> build/bdist.linux-aarch64/wheel/./asym_gemm/include/cutlass/gemm/kernel
copying build/lib.linux-aarch64-cpython-312/asym_gemm/include/cutlass/gemm/kernel/tile_scheduler_params.h -> build/bdist.linux-aarch64/wheel/./asym_gemm/include/cutlass/gemm/kernel
copying build/lib.linux-aarch64-cpython-312/asym_gemm/include/cutlass/gemm/kernel/gemm_universal_with_visitor.h -> build/bdist.linux-aarch64/wheel/./asym_gemm/include/cutlass/gemm/kernel
copying build/lib.linux-aarch64-cpython-312/asym_gemm/include/cutlass/gemm/kernel/rank_2k_universal.h -> build/bdist.linux-aarch64/wheel/./asym_gemm/include/cutlass/gemm/kernel
copying build/lib.linux-aarch64-cpython-312/asym_gemm/include/cutlass/gemm/group_array_problem_shape.hpp -> build/bdist.linux-aarch64/wheel/./asym_gemm/include/cutlass/gemm
copying build/lib.linux-aarch64-cpython-312/asym_gemm/include/cutlass/gemm/gemm.h -> build/bdist.linux-aarch64/wheel/./asym_gemm/include/cutlass/gemm
copying build/lib.linux-aarch64-cpython-312/asym_gemm/include/cutlass/tensor_coord.h -> build/bdist.linux-aarch64/wheel/./asym_gemm/include/cutlass
copying build/lib.linux-aarch64-cpython-312/asym_gemm/include/cutlass/bfloat16.h -> build/bdist.linux-aarch64/wheel/./asym_gemm/include/cutlass
copying build/lib.linux-aarch64-cpython-312/asym_gemm/include/cutlass/tensor_ref_planar_complex.h -> build/bdist.linux-aarch64/wheel/./asym_gemm/include/cutlass
copying build/lib.linux-aarch64-cpython-312/asym_gemm/include/cutlass/quaternion.h -> build/bdist.linux-aarch64/wheel/./asym_gemm/include/cutlass
creating build/bdist.linux-aarch64/wheel/asym_gemm/include/cutlass/detail
copying build/lib.linux-aarch64-cpython-312/asym_gemm/include/cutlass/detail/mainloop_fusion_helper_scale_factor.hpp -> build/bdist.linux-aarch64/wheel/./asym_gemm/include/cutlass/detail
copying build/lib.linux-aarch64-cpython-312/asym_gemm/include/cutlass/detail/sm100_blockscaled_layout.hpp -> build/bdist.linux-aarch64/wheel/./asym_gemm/include/cutlass/detail
creating build/bdist.linux-aarch64/wheel/asym_gemm/include/cutlass/detail/collective
copying build/lib.linux-aarch64-cpython-312/asym_gemm/include/cutlass/detail/collective/mixed_input_utils.hpp -> build/bdist.linux-aarch64/wheel/./asym_gemm/include/cutlass/detail/collective
copying build/lib.linux-aarch64-cpython-312/asym_gemm/include/cutlass/detail/collective/sm103_kernel_type.hpp -> build/bdist.linux-aarch64/wheel/./asym_gemm/include/cutlass/detail/collective
copying build/lib.linux-aarch64-cpython-312/asym_gemm/include/cutlass/detail/sm100_tmem_helper.hpp -> build/bdist.linux-aarch64/wheel/./asym_gemm/include/cutlass/detail
copying build/lib.linux-aarch64-cpython-312/asym_gemm/include/cutlass/detail/dependent_false.hpp -> build/bdist.linux-aarch64/wheel/./asym_gemm/include/cutlass/detail
copying build/lib.linux-aarch64-cpython-312/asym_gemm/include/cutlass/detail/blockwise_scale_layout.hpp -> build/bdist.linux-aarch64/wheel/./asym_gemm/include/cutlass/detail
copying build/lib.linux-aarch64-cpython-312/asym_gemm/include/cutlass/detail/mma.hpp -> build/bdist.linux-aarch64/wheel/./asym_gemm/include/cutlass/detail
copying build/lib.linux-aarch64-cpython-312/asym_gemm/include/cutlass/detail/helper_macros.hpp -> build/bdist.linux-aarch64/wheel/./asym_gemm/include/cutlass/detail
copying build/lib.linux-aarch64-cpython-312/asym_gemm/include/cutlass/detail/cluster.hpp -> build/bdist.linux-aarch64/wheel/./asym_gemm/include/cutlass/detail
copying build/lib.linux-aarch64-cpython-312/asym_gemm/include/cutlass/detail/layout.hpp -> build/bdist.linux-aarch64/wheel/./asym_gemm/include/cutlass/detail
copying build/lib.linux-aarch64-cpython-312/asym_gemm/include/cutlass/detail/collective.hpp -> build/bdist.linux-aarch64/wheel/./asym_gemm/include/cutlass/detail
copying build/lib.linux-aarch64-cpython-312/asym_gemm/include/cutlass/detail/sm103_blockscaled_layout.hpp -> build/bdist.linux-aarch64/wheel/./asym_gemm/include/cutlass/detail
copying build/lib.linux-aarch64-cpython-312/asym_gemm/include/cutlass/detail/sm100_mixed_dtype_blockwise_layout.hpp -> build/bdist.linux-aarch64/wheel/./asym_gemm/include/cutlass/detail
copying build/lib.linux-aarch64-cpython-312/asym_gemm/include/cutlass/blas3_types.h -> build/bdist.linux-aarch64/wheel/./asym_gemm/include/cutlass
copying build/lib.linux-aarch64-cpython-312/asym_gemm/include/cutlass/numeric_types.h -> build/bdist.linux-aarch64/wheel/./asym_gemm/include/cutlass
copying build/lib.linux-aarch64-cpython-312/asym_gemm/include/cutlass/kernel_launch.h -> build/bdist.linux-aarch64/wheel/./asym_gemm/include/cutlass
creating build/bdist.linux-aarch64/wheel/asym_gemm/include/cutlass/epilogue
creating build/bdist.linux-aarch64/wheel/asym_gemm/include/cutlass/epilogue/warp
copying build/lib.linux-aarch64-cpython-312/asym_gemm/include/cutlass/epilogue/warp/fragment_iterator_volta_tensor_op.h -> build/bdist.linux-aarch64/wheel/./asym_gemm/include/cutlass/epilogue/warp
copying build/lib.linux-aarch64-cpython-312/asym_gemm/include/cutlass/epilogue/warp/wmma_tensor_op_policy.h -> build/bdist.linux-aarch64/wheel/./asym_gemm/include/cutlass/epilogue/warp
copying build/lib.linux-aarch64-cpython-312/asym_gemm/include/cutlass/epilogue/warp/tile_iterator_wmma_tensor_op.h -> build/bdist.linux-aarch64/wheel/./asym_gemm/include/cutlass/epilogue/warp
copying build/lib.linux-aarch64-cpython-312/asym_gemm/include/cutlass/epilogue/warp/tile_iterator_simt.h -> build/bdist.linux-aarch64/wheel/./asym_gemm/include/cutlass/epilogue/warp
copying build/lib.linux-aarch64-cpython-312/asym_gemm/include/cutlass/epilogue/warp/volta_tensor_op_policy.h -> build/bdist.linux-aarch64/wheel/./asym_gemm/include/cutlass/epilogue/warp
copying build/lib.linux-aarch64-cpython-312/asym_gemm/include/cutlass/epilogue/warp/tile_iterator_tensor_op_mixed.h -> build/bdist.linux-aarch64/wheel/./asym_gemm/include/cutlass/epilogue/warp
copying build/lib.linux-aarch64-cpython-312/asym_gemm/include/cutlass/epilogue/warp/tile_iterator_tensor_op.h -> build/bdist.linux-aarch64/wheel/./asym_gemm/include/cutlass/epilogue/warp
copying build/lib.linux-aarch64-cpython-312/asym_gemm/include/cutlass/epilogue/warp/fragment_iterator_tensor_op.h -> build/bdist.linux-aarch64/wheel/./asym_gemm/include/cutlass/epilogue/warp
copying build/lib.linux-aarch64-cpython-312/asym_gemm/include/cutlass/epilogue/warp/fragment_iterator_gaussian_complex_tensor_op.h -> build/bdist.linux-aarch64/wheel/./asym_gemm/include/cutlass/epilogue/warp
copying build/lib.linux-aarch64-cpython-312/asym_gemm/include/cutlass/epilogue/warp/tile_iterator_volta_tensor_op.h -> build/bdist.linux-aarch64/wheel/./asym_gemm/include/cutlass/epilogue/warp
copying build/lib.linux-aarch64-cpython-312/asym_gemm/include/cutlass/epilogue/warp/fragment_iterator_simt.h -> build/bdist.linux-aarch64/wheel/./asym_gemm/include/cutlass/epilogue/warp
copying build/lib.linux-aarch64-cpython-312/asym_gemm/include/cutlass/epilogue/warp/tensor_op_policy.h -> build/bdist.linux-aarch64/wheel/./asym_gemm/include/cutlass/epilogue/warp
copying build/lib.linux-aarch64-cpython-312/asym_gemm/include/cutlass/epilogue/warp/fragment_iterator_wmma_tensor_op.h -> build/bdist.linux-aarch64/wheel/./asym_gemm/include/cutlass/epilogue/warp
copying build/lib.linux-aarch64-cpython-312/asym_gemm/include/cutlass/epilogue/warp/fragment_iterator_complex_tensor_op.h -> build/bdist.linux-aarch64/wheel/./asym_gemm/include/cutlass/epilogue/warp
copying build/lib.linux-aarch64-cpython-312/asym_gemm/include/cutlass/epilogue/warp/simt_policy.h -> build/bdist.linux-aarch64/wheel/./asym_gemm/include/cutlass/epilogue/warp
copying build/lib.linux-aarch64-cpython-312/asym_gemm/include/cutlass/epilogue/dispatch_policy.hpp -> build/bdist.linux-aarch64/wheel/./asym_gemm/include/cutlass/epilogue
creating build/bdist.linux-aarch64/wheel/asym_gemm/include/cutlass/epilogue/collective
copying build/lib.linux-aarch64-cpython-312/asym_gemm/include/cutlass/epilogue/collective/detail.hpp -> build/bdist.linux-aarch64/wheel/./asym_gemm/include/cutlass/epilogue/collective
copying build/lib.linux-aarch64-cpython-312/asym_gemm/include/cutlass/epilogue/collective/sm90_epilogue_tma_warpspecialized.hpp -> build/bdist.linux-aarch64/wheel/./asym_gemm/include/cutlass/epilogue/collective
copying build/lib.linux-aarch64-cpython-312/asym_gemm/include/cutlass/epilogue/collective/collective_epilogue.hpp -> build/bdist.linux-aarch64/wheel/./asym_gemm/include/cutlass/epilogue/collective
copying build/lib.linux-aarch64-cpython-312/asym_gemm/include/cutlass/epilogue/collective/sm100_epilogue_nosmem.hpp -> build/bdist.linux-aarch64/wheel/./asym_gemm/include/cutlass/epilogue/collective
copying build/lib.linux-aarch64-cpython-312/asym_gemm/include/cutlass/epilogue/collective/sm100_epilogue_array_tma_warpspecialized.hpp -> build/bdist.linux-aarch64/wheel/./asym_gemm/include/cutlass/epilogue/collective
copying build/lib.linux-aarch64-cpython-312/asym_gemm/include/cutlass/epilogue/collective/default_epilogue.hpp -> build/bdist.linux-aarch64/wheel/./asym_gemm/include/cutlass/epilogue/collective
creating build/bdist.linux-aarch64/wheel/asym_gemm/include/cutlass/epilogue/collective/builders
copying build/lib.linux-aarch64-cpython-312/asym_gemm/include/cutlass/epilogue/collective/builders/sm103_builder.inl -> build/bdist.linux-aarch64/wheel/./asym_gemm/include/cutlass/epilogue/collective/builders
copying build/lib.linux-aarch64-cpython-312/asym_gemm/include/cutlass/epilogue/collective/builders/sm120_builder.inl -> build/bdist.linux-aarch64/wheel/./asym_gemm/include/cutlass/epilogue/collective/builders
copying build/lib.linux-aarch64-cpython-312/asym_gemm/include/cutlass/epilogue/collective/builders/sm100_builder.inl -> build/bdist.linux-aarch64/wheel/./asym_gemm/include/cutlass/epilogue/collective/builders
copying build/lib.linux-aarch64-cpython-312/asym_gemm/include/cutlass/epilogue/collective/builders/sm120_common.inl -> build/bdist.linux-aarch64/wheel/./asym_gemm/include/cutlass/epilogue/collective/builders
copying build/lib.linux-aarch64-cpython-312/asym_gemm/include/cutlass/epilogue/collective/builders/sm90_common.inl -> build/bdist.linux-aarch64/wheel/./asym_gemm/include/cutlass/epilogue/collective/builders
copying build/lib.linux-aarch64-cpython-312/asym_gemm/include/cutlass/epilogue/collective/builders/sm90_builder.inl -> build/bdist.linux-aarch64/wheel/./asym_gemm/include/cutlass/epilogue/collective/builders
copying build/lib.linux-aarch64-cpython-312/asym_gemm/include/cutlass/epilogue/collective/default_epilogue_array.hpp -> build/bdist.linux-aarch64/wheel/./asym_gemm/include/cutlass/epilogue/collective
copying build/lib.linux-aarch64-cpython-312/asym_gemm/include/cutlass/epilogue/collective/epilogue_tensor_broadcast.hpp -> build/bdist.linux-aarch64/wheel/./asym_gemm/include/cutlass/epilogue/collective
copying build/lib.linux-aarch64-cpython-312/asym_gemm/include/cutlass/epilogue/collective/sm100_epilogue_tma_warpspecialized.hpp -> build/bdist.linux-aarch64/wheel/./asym_gemm/include/cutlass/epilogue/collective
copying build/lib.linux-aarch64-cpython-312/asym_gemm/include/cutlass/epilogue/collective/sm90_epilogue_array_tma_warpspecialized.hpp -> build/bdist.linux-aarch64/wheel/./asym_gemm/include/cutlass/epilogue/collective
copying build/lib.linux-aarch64-cpython-312/asym_gemm/include/cutlass/epilogue/collective/sm70_epilogue_vectorized.hpp -> build/bdist.linux-aarch64/wheel/./asym_gemm/include/cutlass/epilogue/collective
copying build/lib.linux-aarch64-cpython-312/asym_gemm/include/cutlass/epilogue/collective/sm70_epilogue_vectorized_array.hpp -> build/bdist.linux-aarch64/wheel/./asym_gemm/include/cutlass/epilogue/collective
copying build/lib.linux-aarch64-cpython-312/asym_gemm/include/cutlass/epilogue/collective/sm100_epilogue_array_nosmem.hpp -> build/bdist.linux-aarch64/wheel/./asym_gemm/include/cutlass/epilogue/collective
copying build/lib.linux-aarch64-cpython-312/asym_gemm/include/cutlass/epilogue/collective/sm90_epilogue_tma_warpspecialized_bias_elementwise.hpp -> build/bdist.linux-aarch64/wheel/./asym_gemm/include/cutlass/epilogue/collective
copying build/lib.linux-aarch64-cpython-312/asym_gemm/include/cutlass/epilogue/collective/collective_builder.hpp -> build/bdist.linux-aarch64/wheel/./asym_gemm/include/cutlass/epilogue/collective
creating build/bdist.linux-aarch64/wheel/asym_gemm/include/cutlass/epilogue/threadblock
copying build/lib.linux-aarch64-cpython-312/asym_gemm/include/cutlass/epilogue/threadblock/default_epilogue_tensor_op_blas3.h -> build/bdist.linux-aarch64/wheel/./asym_gemm/include/cutlass/epilogue/threadblock
copying build/lib.linux-aarch64-cpython-312/asym_gemm/include/cutlass/epilogue/threadblock/default_epilogue_volta_tensor_op.h -> build/bdist.linux-aarch64/wheel/./asym_gemm/include/cutlass/epilogue/threadblock
copying build/lib.linux-aarch64-cpython-312/asym_gemm/include/cutlass/epilogue/threadblock/epilogue_base.h -> build/bdist.linux-aarch64/wheel/./asym_gemm/include/cutlass/epilogue/threadblock
copying build/lib.linux-aarch64-cpython-312/asym_gemm/include/cutlass/epilogue/threadblock/epilogue_with_absmax.h -> build/bdist.linux-aarch64/wheel/./asym_gemm/include/cutlass/epilogue/threadblock
copying build/lib.linux-aarch64-cpython-312/asym_gemm/include/cutlass/epilogue/threadblock/interleaved_epilogue.h -> build/bdist.linux-aarch64/wheel/./asym_gemm/include/cutlass/epilogue/threadblock
copying build/lib.linux-aarch64-cpython-312/asym_gemm/include/cutlass/epilogue/threadblock/epilogue_with_scaling_factor.h -> build/bdist.linux-aarch64/wheel/./asym_gemm/include/cutlass/epilogue/threadblock
copying build/lib.linux-aarch64-cpython-312/asym_gemm/include/cutlass/epilogue/threadblock/epilogue_with_broadcast.h -> build/bdist.linux-aarch64/wheel/./asym_gemm/include/cutlass/epilogue/threadblock
copying build/lib.linux-aarch64-cpython-312/asym_gemm/include/cutlass/epilogue/threadblock/default_epilogue_wmma_tensor_op.h -> build/bdist.linux-aarch64/wheel/./asym_gemm/include/cutlass/epilogue/threadblock
copying build/lib.linux-aarch64-cpython-312/asym_gemm/include/cutlass/epilogue/threadblock/default_epilogue_planar_complex.h -> build/bdist.linux-aarch64/wheel/./asym_gemm/include/cutlass/epilogue/threadblock
copying build/lib.linux-aarch64-cpython-312/asym_gemm/include/cutlass/epilogue/threadblock/epilogue_gemm_k_reduction.h -> build/bdist.linux-aarch64/wheel/./asym_gemm/include/cutlass/epilogue/threadblock
copying build/lib.linux-aarch64-cpython-312/asym_gemm/include/cutlass/epilogue/threadblock/predicated_tile_iterator_predicates.h -> build/bdist.linux-aarch64/wheel/./asym_gemm/include/cutlass/epilogue/threadblock
copying build/lib.linux-aarch64-cpython-312/asym_gemm/include/cutlass/epilogue/threadblock/default_epilogue_simt.h -> build/bdist.linux-aarch64/wheel/./asym_gemm/include/cutlass/epilogue/threadblock
copying build/lib.linux-aarch64-cpython-312/asym_gemm/include/cutlass/epilogue/threadblock/predicated_tile_iterator.h -> build/bdist.linux-aarch64/wheel/./asym_gemm/include/cutlass/epilogue/threadblock
copying build/lib.linux-aarch64-cpython-312/asym_gemm/include/cutlass/epilogue/threadblock/default_epilogue_tensor_op.h -> build/bdist.linux-aarch64/wheel/./asym_gemm/include/cutlass/epilogue/threadblock
copying build/lib.linux-aarch64-cpython-312/asym_gemm/include/cutlass/epilogue/threadblock/default_epilogue_complex_tensor_op.h -> build/bdist.linux-aarch64/wheel/./asym_gemm/include/cutlass/epilogue/threadblock
copying build/lib.linux-aarch64-cpython-312/asym_gemm/include/cutlass/epilogue/threadblock/epilogue_workspace.h -> build/bdist.linux-aarch64/wheel/./asym_gemm/include/cutlass/epilogue/threadblock
copying build/lib.linux-aarch64-cpython-312/asym_gemm/include/cutlass/epilogue/threadblock/default_epilogue_complex_tensor_op_blas3.h -> build/bdist.linux-aarch64/wheel/./asym_gemm/include/cutlass/epilogue/threadblock
copying build/lib.linux-aarch64-cpython-312/asym_gemm/include/cutlass/epilogue/threadblock/shared_load_iterator.h -> build/bdist.linux-aarch64/wheel/./asym_gemm/include/cutlass/epilogue/threadblock
copying build/lib.linux-aarch64-cpython-312/asym_gemm/include/cutlass/epilogue/threadblock/epilogue_with_reduction.h -> build/bdist.linux-aarch64/wheel/./asym_gemm/include/cutlass/epilogue/threadblock
copying build/lib.linux-aarch64-cpython-312/asym_gemm/include/cutlass/epilogue/threadblock/shared_load_iterator_mixed.h -> build/bdist.linux-aarch64/wheel/./asym_gemm/include/cutlass/epilogue/threadblock
copying build/lib.linux-aarch64-cpython-312/asym_gemm/include/cutlass/epilogue/threadblock/epilogue_planar_complex.h -> build/bdist.linux-aarch64/wheel/./asym_gemm/include/cutlass/epilogue/threadblock
copying build/lib.linux-aarch64-cpython-312/asym_gemm/include/cutlass/epilogue/threadblock/default_thread_map_tensor_op.h -> build/bdist.linux-aarch64/wheel/./asym_gemm/include/cutlass/epilogue/threadblock
copying build/lib.linux-aarch64-cpython-312/asym_gemm/include/cutlass/epilogue/threadblock/default_thread_map_simt.h -> build/bdist.linux-aarch64/wheel/./asym_gemm/include/cutlass/epilogue/threadblock
copying build/lib.linux-aarch64-cpython-312/asym_gemm/include/cutlass/epilogue/threadblock/shared_load_iterator_pitch_linear.h -> build/bdist.linux-aarch64/wheel/./asym_gemm/include/cutlass/epilogue/threadblock
copying build/lib.linux-aarch64-cpython-312/asym_gemm/include/cutlass/epilogue/threadblock/default_thread_map_wmma_tensor_op.h -> build/bdist.linux-aarch64/wheel/./asym_gemm/include/cutlass/epilogue/threadblock
copying build/lib.linux-aarch64-cpython-312/asym_gemm/include/cutlass/epilogue/threadblock/default_thread_map_volta_tensor_op.h -> build/bdist.linux-aarch64/wheel/./asym_gemm/include/cutlass/epilogue/threadblock
copying build/lib.linux-aarch64-cpython-312/asym_gemm/include/cutlass/epilogue/threadblock/epilogue_with_visitor_callbacks.h -> build/bdist.linux-aarch64/wheel/./asym_gemm/include/cutlass/epilogue/threadblock
copying build/lib.linux-aarch64-cpython-312/asym_gemm/include/cutlass/epilogue/threadblock/default_epilogue_with_reduction.h -> build/bdist.linux-aarch64/wheel/./asym_gemm/include/cutlass/epilogue/threadblock
copying build/lib.linux-aarch64-cpython-312/asym_gemm/include/cutlass/epilogue/threadblock/predicated_tile_iterator_conv.h -> build/bdist.linux-aarch64/wheel/./asym_gemm/include/cutlass/epilogue/threadblock
copying build/lib.linux-aarch64-cpython-312/asym_gemm/include/cutlass/epilogue/threadblock/predicated_tile_iterator_affine_layout_params.h -> build/bdist.linux-aarch64/wheel/./asym_gemm/include/cutlass/epilogue/threadblock
copying build/lib.linux-aarch64-cpython-312/asym_gemm/include/cutlass/epilogue/threadblock/epilogue_streamk_with_broadcast.h -> build/bdist.linux-aarch64/wheel/./asym_gemm/include/cutlass/epilogue/threadblock
copying build/lib.linux-aarch64-cpython-312/asym_gemm/include/cutlass/epilogue/threadblock/epilogue_smem_accumulator.h -> build/bdist.linux-aarch64/wheel/./asym_gemm/include/cutlass/epilogue/threadblock
copying build/lib.linux-aarch64-cpython-312/asym_gemm/include/cutlass/epilogue/threadblock/epilogue_depthwise.h -> build/bdist.linux-aarch64/wheel/./asym_gemm/include/cutlass/epilogue/threadblock
copying build/lib.linux-aarch64-cpython-312/asym_gemm/include/cutlass/epilogue/threadblock/predicated_tile_iterator_strided_dgrad.h -> build/bdist.linux-aarch64/wheel/./asym_gemm/include/cutlass/epilogue/threadblock
copying build/lib.linux-aarch64-cpython-312/asym_gemm/include/cutlass/epilogue/threadblock/predicated_tile_iterator_affine.h -> build/bdist.linux-aarch64/wheel/./asym_gemm/include/cutlass/epilogue/threadblock
copying build/lib.linux-aarch64-cpython-312/asym_gemm/include/cutlass/epilogue/threadblock/predicated_tile_iterator_params.h -> build/bdist.linux-aarch64/wheel/./asym_gemm/include/cutlass/epilogue/threadblock
copying build/lib.linux-aarch64-cpython-312/asym_gemm/include/cutlass/epilogue/threadblock/default_epilogue_direct_store.h -> build/bdist.linux-aarch64/wheel/./asym_gemm/include/cutlass/epilogue/threadblock
copying build/lib.linux-aarch64-cpython-312/asym_gemm/include/cutlass/epilogue/threadblock/default_epilogue_with_broadcast.h -> build/bdist.linux-aarch64/wheel/./asym_gemm/include/cutlass/epilogue/threadblock
copying build/lib.linux-aarch64-cpython-312/asym_gemm/include/cutlass/epilogue/threadblock/epilogue_direct_store.h -> build/bdist.linux-aarch64/wheel/./asym_gemm/include/cutlass/epilogue/threadblock
copying build/lib.linux-aarch64-cpython-312/asym_gemm/include/cutlass/epilogue/threadblock/predicated_tile_iterator_direct_conv.h -> build/bdist.linux-aarch64/wheel/./asym_gemm/include/cutlass/epilogue/threadblock
copying build/lib.linux-aarch64-cpython-312/asym_gemm/include/cutlass/epilogue/threadblock/direct_store_epilogue_iterator.h -> build/bdist.linux-aarch64/wheel/./asym_gemm/include/cutlass/epilogue/threadblock
copying build/lib.linux-aarch64-cpython-312/asym_gemm/include/cutlass/epilogue/threadblock/default_epilogue_with_absmax.h -> build/bdist.linux-aarch64/wheel/./asym_gemm/include/cutlass/epilogue/threadblock
copying build/lib.linux-aarch64-cpython-312/asym_gemm/include/cutlass/epilogue/threadblock/predicated_tile_iterator_blas3.h -> build/bdist.linux-aarch64/wheel/./asym_gemm/include/cutlass/epilogue/threadblock
copying build/lib.linux-aarch64-cpython-312/asym_gemm/include/cutlass/epilogue/threadblock/epilogue_base_streamk.h -> build/bdist.linux-aarch64/wheel/./asym_gemm/include/cutlass/epilogue/threadblock
creating build/bdist.linux-aarch64/wheel/asym_gemm/include/cutlass/epilogue/threadblock/fusion
copying build/lib.linux-aarch64-cpython-312/asym_gemm/include/cutlass/epilogue/threadblock/fusion/visitor_compute.hpp -> build/bdist.linux-aarch64/wheel/./asym_gemm/include/cutlass/epilogue/threadblock/fusion
copying build/lib.linux-aarch64-cpython-312/asym_gemm/include/cutlass/epilogue/threadblock/fusion/visitor_load.hpp -> build/bdist.linux-aarch64/wheel/./asym_gemm/include/cutlass/epilogue/threadblock/fusion
copying build/lib.linux-aarch64-cpython-312/asym_gemm/include/cutlass/epilogue/threadblock/fusion/visitors.hpp -> build/bdist.linux-aarch64/wheel/./asym_gemm/include/cutlass/epilogue/threadblock/fusion
copying build/lib.linux-aarch64-cpython-312/asym_gemm/include/cutlass/epilogue/threadblock/fusion/visitor_store.hpp -> build/bdist.linux-aarch64/wheel/./asym_gemm/include/cutlass/epilogue/threadblock/fusion
copying build/lib.linux-aarch64-cpython-312/asym_gemm/include/cutlass/epilogue/threadblock/fusion/visitor_2x.hpp -> build/bdist.linux-aarch64/wheel/./asym_gemm/include/cutlass/epilogue/threadblock/fusion
copying build/lib.linux-aarch64-cpython-312/asym_gemm/include/cutlass/epilogue/threadblock/output_tile_thread_map.h -> build/bdist.linux-aarch64/wheel/./asym_gemm/include/cutlass/epilogue/threadblock
copying build/lib.linux-aarch64-cpython-312/asym_gemm/include/cutlass/epilogue/threadblock/output_iterator_parameter.h -> build/bdist.linux-aarch64/wheel/./asym_gemm/include/cutlass/epilogue/threadblock
copying build/lib.linux-aarch64-cpython-312/asym_gemm/include/cutlass/epilogue/threadblock/epilogue.h -> build/bdist.linux-aarch64/wheel/./asym_gemm/include/cutlass/epilogue/threadblock
copying build/lib.linux-aarch64-cpython-312/asym_gemm/include/cutlass/epilogue/threadblock/epilogue_with_visitor.h -> build/bdist.linux-aarch64/wheel/./asym_gemm/include/cutlass/epilogue/threadblock
copying build/lib.linux-aarch64-cpython-312/asym_gemm/include/cutlass/epilogue/threadblock/epilogue_visitor_with_softmax.h -> build/bdist.linux-aarch64/wheel/./asym_gemm/include/cutlass/epilogue/threadblock
creating build/bdist.linux-aarch64/wheel/asym_gemm/include/cutlass/epilogue/thread
copying build/lib.linux-aarch64-cpython-312/asym_gemm/include/cutlass/epilogue/thread/linear_combination_gelu.h -> build/bdist.linux-aarch64/wheel/./asym_gemm/include/cutlass/epilogue/thread
copying build/lib.linux-aarch64-cpython-312/asym_gemm/include/cutlass/epilogue/thread/linear_combination_with_elementwise.h -> build/bdist.linux-aarch64/wheel/./asym_gemm/include/cutlass/epilogue/thread
copying build/lib.linux-aarch64-cpython-312/asym_gemm/include/cutlass/epilogue/thread/detail.hpp -> build/bdist.linux-aarch64/wheel/./asym_gemm/include/cutlass/epilogue/thread
copying build/lib.linux-aarch64-cpython-312/asym_gemm/include/cutlass/epilogue/thread/linear_combination_tensor_broadcast.hpp -> build/bdist.linux-aarch64/wheel/./asym_gemm/include/cutlass/epilogue/thread
copying build/lib.linux-aarch64-cpython-312/asym_gemm/include/cutlass/epilogue/thread/linear_combination_sigmoid.h -> build/bdist.linux-aarch64/wheel/./asym_gemm/include/cutlass/epilogue/thread
copying build/lib.linux-aarch64-cpython-312/asym_gemm/include/cutlass/epilogue/thread/linear_combination_clamp.h -> build/bdist.linux-aarch64/wheel/./asym_gemm/include/cutlass/epilogue/thread
copying build/lib.linux-aarch64-cpython-312/asym_gemm/include/cutlass/epilogue/thread/linear_combination_silu.h -> build/bdist.linux-aarch64/wheel/./asym_gemm/include/cutlass/epilogue/thread
copying build/lib.linux-aarch64-cpython-312/asym_gemm/include/cutlass/epilogue/thread/linear_combination.h -> build/bdist.linux-aarch64/wheel/./asym_gemm/include/cutlass/epilogue/thread
copying build/lib.linux-aarch64-cpython-312/asym_gemm/include/cutlass/epilogue/thread/linear_combination_generic_with_scaling.h -> build/bdist.linux-aarch64/wheel/./asym_gemm/include/cutlass/epilogue/thread
copying build/lib.linux-aarch64-cpython-312/asym_gemm/include/cutlass/epilogue/thread/linear_combination_params.h -> build/bdist.linux-aarch64/wheel/./asym_gemm/include/cutlass/epilogue/thread
copying build/lib.linux-aarch64-cpython-312/asym_gemm/include/cutlass/epilogue/thread/linear_combination_relu.h -> build/bdist.linux-aarch64/wheel/./asym_gemm/include/cutlass/epilogue/thread
copying build/lib.linux-aarch64-cpython-312/asym_gemm/include/cutlass/epilogue/thread/conversion_op.h -> build/bdist.linux-aarch64/wheel/./asym_gemm/include/cutlass/epilogue/thread
copying build/lib.linux-aarch64-cpython-312/asym_gemm/include/cutlass/epilogue/thread/linear_combination_bias_relu.h -> build/bdist.linux-aarch64/wheel/./asym_gemm/include/cutlass/epilogue/thread
copying build/lib.linux-aarch64-cpython-312/asym_gemm/include/cutlass/epilogue/thread/scale_type.h -> build/bdist.linux-aarch64/wheel/./asym_gemm/include/cutlass/epilogue/thread
copying build/lib.linux-aarch64-cpython-312/asym_gemm/include/cutlass/epilogue/thread/linear_combination_hardswish.h -> build/bdist.linux-aarch64/wheel/./asym_gemm/include/cutlass/epilogue/thread
copying build/lib.linux-aarch64-cpython-312/asym_gemm/include/cutlass/epilogue/thread/linear_combination_drelu.h -> build/bdist.linux-aarch64/wheel/./asym_gemm/include/cutlass/epilogue/thread
copying build/lib.linux-aarch64-cpython-312/asym_gemm/include/cutlass/epilogue/thread/linear_combination_dgelu.h -> build/bdist.linux-aarch64/wheel/./asym_gemm/include/cutlass/epilogue/thread
copying build/lib.linux-aarch64-cpython-312/asym_gemm/include/cutlass/epilogue/thread/activation.h -> build/bdist.linux-aarch64/wheel/./asym_gemm/include/cutlass/epilogue/thread
copying build/lib.linux-aarch64-cpython-312/asym_gemm/include/cutlass/epilogue/thread/linear_combination_generic.h -> build/bdist.linux-aarch64/wheel/./asym_gemm/include/cutlass/epilogue/thread
copying build/lib.linux-aarch64-cpython-312/asym_gemm/include/cutlass/epilogue/thread/linear_combination_residual_block.h -> build/bdist.linux-aarch64/wheel/./asym_gemm/include/cutlass/epilogue/thread
copying build/lib.linux-aarch64-cpython-312/asym_gemm/include/cutlass/epilogue/thread/reduction_op.h -> build/bdist.linux-aarch64/wheel/./asym_gemm/include/cutlass/epilogue/thread
copying build/lib.linux-aarch64-cpython-312/asym_gemm/include/cutlass/epilogue/thread/linear_combination_leaky_relu.h -> build/bdist.linux-aarch64/wheel/./asym_gemm/include/cutlass/epilogue/thread
copying build/lib.linux-aarch64-cpython-312/asym_gemm/include/cutlass/epilogue/thread/linear_combination_bias_elementwise.h -> build/bdist.linux-aarch64/wheel/./asym_gemm/include/cutlass/epilogue/thread
copying build/lib.linux-aarch64-cpython-312/asym_gemm/include/cutlass/epilogue/thread/linear_combination_planar_complex.h -> build/bdist.linux-aarch64/wheel/./asym_gemm/include/cutlass/epilogue/thread
copying build/lib.linux-aarch64-cpython-312/asym_gemm/include/cutlass/epilogue/thread/linear_combination_relu0.h -> build/bdist.linux-aarch64/wheel/./asym_gemm/include/cutlass/epilogue/thread
creating build/bdist.linux-aarch64/wheel/asym_gemm/include/cutlass/epilogue/fusion
copying build/lib.linux-aarch64-cpython-312/asym_gemm/include/cutlass/epilogue/fusion/sm90_visitor_load_tma_warpspecialized.hpp -> build/bdist.linux-aarch64/wheel/./asym_gemm/include/cutlass/epilogue/fusion
copying build/lib.linux-aarch64-cpython-312/asym_gemm/include/cutlass/epilogue/fusion/sm90_visitor_store_tma_warpspecialized.hpp -> build/bdist.linux-aarch64/wheel/./asym_gemm/include/cutlass/epilogue/fusion
copying build/lib.linux-aarch64-cpython-312/asym_gemm/include/cutlass/epilogue/fusion/callbacks.hpp -> build/bdist.linux-aarch64/wheel/./asym_gemm/include/cutlass/epilogue/fusion
copying build/lib.linux-aarch64-cpython-312/asym_gemm/include/cutlass/epilogue/fusion/sm120_visitor_store_tma_warpspecialized.hpp -> build/bdist.linux-aarch64/wheel/./asym_gemm/include/cutlass/epilogue/fusion
copying build/lib.linux-aarch64-cpython-312/asym_gemm/include/cutlass/epilogue/fusion/sm100_callbacks_tma_warpspecialized.hpp -> build/bdist.linux-aarch64/wheel/./asym_gemm/include/cutlass/epilogue/fusion
copying build/lib.linux-aarch64-cpython-312/asym_gemm/include/cutlass/epilogue/fusion/operations.hpp -> build/bdist.linux-aarch64/wheel/./asym_gemm/include/cutlass/epilogue/fusion
copying build/lib.linux-aarch64-cpython-312/asym_gemm/include/cutlass/epilogue/fusion/sm90_visitor_topk_softmax.hpp -> build/bdist.linux-aarch64/wheel/./asym_gemm/include/cutlass/epilogue/fusion
copying build/lib.linux-aarch64-cpython-312/asym_gemm/include/cutlass/epilogue/fusion/sm100_visitor_compute_tma_warpspecialized.hpp -> build/bdist.linux-aarch64/wheel/./asym_gemm/include/cutlass/epilogue/fusion
copying build/lib.linux-aarch64-cpython-312/asym_gemm/include/cutlass/epilogue/fusion/sm90_callbacks_tma_warpspecialized.hpp -> build/bdist.linux-aarch64/wheel/./asym_gemm/include/cutlass/epilogue/fusion
copying build/lib.linux-aarch64-cpython-312/asym_gemm/include/cutlass/epilogue/fusion/sm120_callbacks_tma_warpspecialized.hpp -> build/bdist.linux-aarch64/wheel/./asym_gemm/include/cutlass/epilogue/fusion
copying build/lib.linux-aarch64-cpython-312/asym_gemm/include/cutlass/epilogue/fusion/sm100_visitor_store_tma_warpspecialized.hpp -> build/bdist.linux-aarch64/wheel/./asym_gemm/include/cutlass/epilogue/fusion
copying build/lib.linux-aarch64-cpython-312/asym_gemm/include/cutlass/epilogue/fusion/sm90_visitor_tma_warpspecialized.hpp -> build/bdist.linux-aarch64/wheel/./asym_gemm/include/cutlass/epilogue/fusion
copying build/lib.linux-aarch64-cpython-312/asym_gemm/include/cutlass/epilogue/fusion/sm90_visitor_compute_tma_warpspecialized.hpp -> build/bdist.linux-aarch64/wheel/./asym_gemm/include/cutlass/epilogue/fusion
copying build/lib.linux-aarch64-cpython-312/asym_gemm/include/cutlass/tensor_view.h -> build/bdist.linux-aarch64/wheel/./asym_gemm/include/cutlass
copying build/lib.linux-aarch64-cpython-312/asym_gemm/include/cutlass/cluster_launch.hpp -> build/bdist.linux-aarch64/wheel/./asym_gemm/include/cutlass
copying build/lib.linux-aarch64-cpython-312/asym_gemm/include/cutlass/uint128.h -> build/bdist.linux-aarch64/wheel/./asym_gemm/include/cutlass
copying build/lib.linux-aarch64-cpython-312/asym_gemm/include/cutlass/workspace.h -> build/bdist.linux-aarch64/wheel/./asym_gemm/include/cutlass
creating build/bdist.linux-aarch64/wheel/asym_gemm/include/cutlass/layout
copying build/lib.linux-aarch64-cpython-312/asym_gemm/include/cutlass/layout/tensor_op_multiplicand_sm70.h -> build/bdist.linux-aarch64/wheel/./asym_gemm/include/cutlass/layout
copying build/lib.linux-aarch64-cpython-312/asym_gemm/include/cutlass/layout/matrix.h -> build/bdist.linux-aarch64/wheel/./asym_gemm/include/cutlass/layout
copying build/lib.linux-aarch64-cpython-312/asym_gemm/include/cutlass/layout/tensor_op_multiplicand_sm80.h -> build/bdist.linux-aarch64/wheel/./asym_gemm/include/cutlass/layout
copying build/lib.linux-aarch64-cpython-312/asym_gemm/include/cutlass/layout/layout.h -> build/bdist.linux-aarch64/wheel/./asym_gemm/include/cutlass/layout
copying build/lib.linux-aarch64-cpython-312/asym_gemm/include/cutlass/layout/permute.h -> build/bdist.linux-aarch64/wheel/./asym_gemm/include/cutlass/layout
copying build/lib.linux-aarch64-cpython-312/asym_gemm/include/cutlass/layout/pitch_linear.h -> build/bdist.linux-aarch64/wheel/./asym_gemm/include/cutlass/layout
copying build/lib.linux-aarch64-cpython-312/asym_gemm/include/cutlass/layout/vector.h -> build/bdist.linux-aarch64/wheel/./asym_gemm/include/cutlass/layout
copying build/lib.linux-aarch64-cpython-312/asym_gemm/include/cutlass/layout/tensor.h -> build/bdist.linux-aarch64/wheel/./asym_gemm/include/cutlass/layout
copying build/lib.linux-aarch64-cpython-312/asym_gemm/include/cutlass/layout/tensor_op_multiplicand_sm75.h -> build/bdist.linux-aarch64/wheel/./asym_gemm/include/cutlass/layout
copying build/lib.linux-aarch64-cpython-312/asym_gemm/include/cutlass/relatively_equal.h -> build/bdist.linux-aarch64/wheel/./asym_gemm/include/cutlass
copying build/lib.linux-aarch64-cpython-312/asym_gemm/include/cutlass/kernel_hardware_info.h -> build/bdist.linux-aarch64/wheel/./asym_gemm/include/cutlass
copying build/lib.linux-aarch64-cpython-312/asym_gemm/include/cutlass/core_io.h -> build/bdist.linux-aarch64/wheel/./asym_gemm/include/cutlass
copying build/lib.linux-aarch64-cpython-312/asym_gemm/include/cutlass/numeric_size.h -> build/bdist.linux-aarch64/wheel/./asym_gemm/include/cutlass
creating build/bdist.linux-aarch64/wheel/asym_gemm/include/cutlass/platform
copying build/lib.linux-aarch64-cpython-312/asym_gemm/include/cutlass/platform/platform.h -> build/bdist.linux-aarch64/wheel/./asym_gemm/include/cutlass/platform
copying build/lib.linux-aarch64-cpython-312/asym_gemm/include/cutlass/blas3.h -> build/bdist.linux-aarch64/wheel/./asym_gemm/include/cutlass
copying build/lib.linux-aarch64-cpython-312/asym_gemm/include/cutlass/float_subbyte.h -> build/bdist.linux-aarch64/wheel/./asym_gemm/include/cutlass
copying build/lib.linux-aarch64-cpython-312/asym_gemm/include/cutlass/pitch_linear_coord.h -> build/bdist.linux-aarch64/wheel/./asym_gemm/include/cutlass
copying build/lib.linux-aarch64-cpython-312/asym_gemm/include/cutlass/barrier.h -> build/bdist.linux-aarch64/wheel/./asym_gemm/include/cutlass
copying build/lib.linux-aarch64-cpython-312/asym_gemm/include/cutlass/coord.h -> build/bdist.linux-aarch64/wheel/./asym_gemm/include/cutlass
copying build/lib.linux-aarch64-cpython-312/asym_gemm/include/cutlass/array_planar_complex.h -> build/bdist.linux-aarch64/wheel/./asym_gemm/include/cutlass
copying build/lib.linux-aarch64-cpython-312/asym_gemm/include/cutlass/aligned_buffer.h -> build/bdist.linux-aarch64/wheel/./asym_gemm/include/cutlass
copying build/lib.linux-aarch64-cpython-312/asym_gemm/include/cutlass/tensor_view_planar_complex.h -> build/bdist.linux-aarch64/wheel/./asym_gemm/include/cutlass
creating build/bdist.linux-aarch64/wheel/asym_gemm/include/asym_gemm
creating build/bdist.linux-aarch64/wheel/asym_gemm/include/asym_gemm/impls
copying build/lib.linux-aarch64-cpython-312/asym_gemm/include/asym_gemm/impls/smxx_clean_logits.cuh -> build/bdist.linux-aarch64/wheel/./asym_gemm/include/asym_gemm/impls
copying build/lib.linux-aarch64-cpython-312/asym_gemm/include/asym_gemm/impls/smxx_layout.cuh -> build/bdist.linux-aarch64/wheel/./asym_gemm/include/asym_gemm/impls
copying build/lib.linux-aarch64-cpython-312/asym_gemm/include/asym_gemm/impls/sm100_bf16_asym_gemm.cuh -> build/bdist.linux-aarch64/wheel/./asym_gemm/include/asym_gemm/impls
creating build/bdist.linux-aarch64/wheel/asym_gemm/include/asym_gemm/common
copying build/lib.linux-aarch64-cpython-312/asym_gemm/include/asym_gemm/common/sm90_utils.cuh -> build/bdist.linux-aarch64/wheel/./asym_gemm/include/asym_gemm/common
copying build/lib.linux-aarch64-cpython-312/asym_gemm/include/asym_gemm/common/scheduler.cuh -> build/bdist.linux-aarch64/wheel/./asym_gemm/include/asym_gemm/common
copying build/lib.linux-aarch64-cpython-312/asym_gemm/include/asym_gemm/common/cute_tie.cuh -> build/bdist.linux-aarch64/wheel/./asym_gemm/include/asym_gemm/common
copying build/lib.linux-aarch64-cpython-312/asym_gemm/include/asym_gemm/common/sm100_utils.cuh -> build/bdist.linux-aarch64/wheel/./asym_gemm/include/asym_gemm/common
copying build/lib.linux-aarch64-cpython-312/asym_gemm/include/asym_gemm/common/tma_utils.cuh -> build/bdist.linux-aarch64/wheel/./asym_gemm/include/asym_gemm/common
copying build/lib.linux-aarch64-cpython-312/asym_gemm/include/asym_gemm/common/reduction.cuh -> build/bdist.linux-aarch64/wheel/./asym_gemm/include/asym_gemm/common
copying build/lib.linux-aarch64-cpython-312/asym_gemm/include/asym_gemm/common/utils.cuh -> build/bdist.linux-aarch64/wheel/./asym_gemm/include/asym_gemm/common
copying build/lib.linux-aarch64-cpython-312/asym_gemm/include/asym_gemm/common/types.hpp -> build/bdist.linux-aarch64/wheel/./asym_gemm/include/asym_gemm/common
copying build/lib.linux-aarch64-cpython-312/asym_gemm/include/asym_gemm/common/asymScheduler.cuh -> build/bdist.linux-aarch64/wheel/./asym_gemm/include/asym_gemm/common
copying build/lib.linux-aarch64-cpython-312/asym_gemm/include/asym_gemm/common/epilogue_utils.cuh -> build/bdist.linux-aarch64/wheel/./asym_gemm/include/asym_gemm/common
creating build/bdist.linux-aarch64/wheel/asym_gemm/legacy
copying build/lib.linux-aarch64-cpython-312/asym_gemm/legacy/a_fused_m_grouped_gemm.py -> build/bdist.linux-aarch64/wheel/./asym_gemm/legacy
copying build/lib.linux-aarch64-cpython-312/asym_gemm/legacy/a_fused_k_grouped_gemm.py -> build/bdist.linux-aarch64/wheel/./asym_gemm/legacy
copying build/lib.linux-aarch64-cpython-312/asym_gemm/legacy/b_fused_k_grouped_gemm.py -> build/bdist.linux-aarch64/wheel/./asym_gemm/legacy
copying build/lib.linux-aarch64-cpython-312/asym_gemm/legacy/__init__.py -> build/bdist.linux-aarch64/wheel/./asym_gemm/legacy
copying build/lib.linux-aarch64-cpython-312/asym_gemm/legacy/m_grouped_gemm.py -> build/bdist.linux-aarch64/wheel/./asym_gemm/legacy
copying build/lib.linux-aarch64-cpython-312/asym_gemm/legacy/tune_options.py -> build/bdist.linux-aarch64/wheel/./asym_gemm/legacy
copying build/lib.linux-aarch64-cpython-312/asym_gemm/__init__.py -> build/bdist.linux-aarch64/wheel/./asym_gemm
copying build/lib.linux-aarch64-cpython-312/asym_gemm/_C.cpython-312-aarch64-linux-gnu.so -> build/bdist.linux-aarch64/wheel/./asym_gemm
copying build/lib.linux-aarch64-cpython-312/asym_gemm/_C.pyi -> build/bdist.linux-aarch64/wheel/./asym_gemm
creating build/bdist.linux-aarch64/wheel/asym_gemm/utils
copying build/lib.linux-aarch64-cpython-312/asym_gemm/utils/layout.py -> build/bdist.linux-aarch64/wheel/./asym_gemm/utils
copying build/lib.linux-aarch64-cpython-312/asym_gemm/utils/math.py -> build/bdist.linux-aarch64/wheel/./asym_gemm/utils
copying build/lib.linux-aarch64-cpython-312/asym_gemm/utils/__init__.py -> build/bdist.linux-aarch64/wheel/./asym_gemm/utils
running install_egg_info
running egg_info
creating asym_gemm.egg-info
writing asym_gemm.egg-info/PKG-INFO
writing dependency_links to asym_gemm.egg-info/dependency_links.txt
writing top-level names to asym_gemm.egg-info/top_level.txt
writing manifest file 'asym_gemm.egg-info/SOURCES.txt'
reading manifest file 'asym_gemm.egg-info/SOURCES.txt'
adding license file 'LICENSE'
writing manifest file 'asym_gemm.egg-info/SOURCES.txt'
Copying asym_gemm.egg-info to build/bdist.linux-aarch64/wheel/./asym_gemm-2.2.0+1f0e3d7-py3.12.egg-info
running install_scripts
creating build/bdist.linux-aarch64/wheel/asym_gemm-2.2.0+1f0e3d7.dist-info/WHEEL
creating 'dist/asym_gemm-2.2.0+1f0e3d7-cp312-cp312-linux_aarch64.whl' and adding 'build/bdist.linux-aarch64/wheel' to it
adding 'asym_gemm/_C.cpython-312-aarch64-linux-gnu.so'
adding 'asym_gemm/_C.pyi'
adding 'asym_gemm/__init__.py'
adding 'asym_gemm/envs.py'
adding 'asym_gemm/include/asym_gemm/common/asymScheduler.cuh'
adding 'asym_gemm/include/asym_gemm/common/cute_tie.cuh'
adding 'asym_gemm/include/asym_gemm/common/epilogue_utils.cuh'
adding 'asym_gemm/include/asym_gemm/common/reduction.cuh'
adding 'asym_gemm/include/asym_gemm/common/scheduler.cuh'
adding 'asym_gemm/include/asym_gemm/common/sm100_utils.cuh'
adding 'asym_gemm/include/asym_gemm/common/sm90_utils.cuh'
adding 'asym_gemm/include/asym_gemm/common/tma_utils.cuh'
adding 'asym_gemm/include/asym_gemm/common/types.hpp'
adding 'asym_gemm/include/asym_gemm/common/utils.cuh'
adding 'asym_gemm/include/asym_gemm/impls/sm100_bf16_asym_gemm.cuh'
adding 'asym_gemm/include/asym_gemm/impls/smxx_clean_logits.cuh'
adding 'asym_gemm/include/asym_gemm/impls/smxx_layout.cuh'
adding 'asym_gemm/include/cute/config.hpp'
adding 'asym_gemm/include/cute/int_tuple.hpp'
adding 'asym_gemm/include/cute/layout.hpp'
adding 'asym_gemm/include/cute/layout_composed.hpp'
adding 'asym_gemm/include/cute/pointer.hpp'
adding 'asym_gemm/include/cute/pointer_base.hpp'
adding 'asym_gemm/include/cute/pointer_flagged.hpp'
adding 'asym_gemm/include/cute/pointer_sparse.hpp'
adding 'asym_gemm/include/cute/pointer_swizzle.hpp'
adding 'asym_gemm/include/cute/stride.hpp'
adding 'asym_gemm/include/cute/swizzle.hpp'
adding 'asym_gemm/include/cute/swizzle_layout.hpp'
adding 'asym_gemm/include/cute/tensor.hpp'
adding 'asym_gemm/include/cute/tensor_impl.hpp'
adding 'asym_gemm/include/cute/tensor_zip.hpp'
adding 'asym_gemm/include/cute/underscore.hpp'
adding 'asym_gemm/include/cute/algorithm/axpby.hpp'
adding 'asym_gemm/include/cute/algorithm/clear.hpp'
adding 'asym_gemm/include/cute/algorithm/cooperative_copy.hpp'
adding 'asym_gemm/include/cute/algorithm/cooperative_gemm.hpp'
adding 'asym_gemm/include/cute/algorithm/copy.hpp'
adding 'asym_gemm/include/cute/algorithm/fill.hpp'
adding 'asym_gemm/include/cute/algorithm/functional.hpp'
adding 'asym_gemm/include/cute/algorithm/gemm.hpp'
adding 'asym_gemm/include/cute/algorithm/prefer.hpp'
adding 'asym_gemm/include/cute/algorithm/prefetch.hpp'
adding 'asym_gemm/include/cute/algorithm/tensor_algorithms.hpp'
adding 'asym_gemm/include/cute/algorithm/tensor_reduce.hpp'
adding 'asym_gemm/include/cute/algorithm/tuple_algorithms.hpp'
adding 'asym_gemm/include/cute/arch/cluster_sm100.hpp'
adding 'asym_gemm/include/cute/arch/cluster_sm90.hpp'
adding 'asym_gemm/include/cute/arch/config.hpp'
adding 'asym_gemm/include/cute/arch/copy.hpp'
adding 'asym_gemm/include/cute/arch/copy_sm100.hpp'
adding 'asym_gemm/include/cute/arch/copy_sm100_tma.hpp'
adding 'asym_gemm/include/cute/arch/copy_sm50.hpp'
adding 'asym_gemm/include/cute/arch/copy_sm75.hpp'
adding 'asym_gemm/include/cute/arch/copy_sm80.hpp'
adding 'asym_gemm/include/cute/arch/copy_sm90.hpp'
adding 'asym_gemm/include/cute/arch/copy_sm90_desc.hpp'
adding 'asym_gemm/include/cute/arch/copy_sm90_tma.hpp'
adding 'asym_gemm/include/cute/arch/mma.hpp'
adding 'asym_gemm/include/cute/arch/mma_sm100.hpp'
adding 'asym_gemm/include/cute/arch/mma_sm100_desc.hpp'
adding 'asym_gemm/include/cute/arch/mma_sm100_umma.hpp'
adding 'asym_gemm/include/cute/arch/mma_sm120.hpp'
adding 'asym_gemm/include/cute/arch/mma_sm120_sparse.hpp'
adding 'asym_gemm/include/cute/arch/mma_sm61.hpp'
adding 'asym_gemm/include/cute/arch/mma_sm70.hpp'
adding 'asym_gemm/include/cute/arch/mma_sm75.hpp'
adding 'asym_gemm/include/cute/arch/mma_sm80.hpp'
adding 'asym_gemm/include/cute/arch/mma_sm89.hpp'
adding 'asym_gemm/include/cute/arch/mma_sm90.hpp'
adding 'asym_gemm/include/cute/arch/mma_sm90_desc.hpp'
adding 'asym_gemm/include/cute/arch/mma_sm90_gmma.hpp'
adding 'asym_gemm/include/cute/arch/mma_sm90_gmma_ext.hpp'
adding 'asym_gemm/include/cute/arch/mma_sm90_gmma_sparse.hpp'
adding 'asym_gemm/include/cute/arch/mma_sm90_gmma_sparse_ext.hpp'
adding 'asym_gemm/include/cute/arch/simd_sm100.hpp'
adding 'asym_gemm/include/cute/arch/tmem_allocator_sm100.hpp'
adding 'asym_gemm/include/cute/arch/util.hpp'
adding 'asym_gemm/include/cute/atom/copy_atom.hpp'
adding 'asym_gemm/include/cute/atom/copy_traits.hpp'
adding 'asym_gemm/include/cute/atom/copy_traits_sm100.hpp'
adding 'asym_gemm/include/cute/atom/copy_traits_sm100_im2col.hpp'
adding 'asym_gemm/include/cute/atom/copy_traits_sm100_tma.hpp'
adding 'asym_gemm/include/cute/atom/copy_traits_sm50.hpp'
adding 'asym_gemm/include/cute/atom/copy_traits_sm75.hpp'
adding 'asym_gemm/include/cute/atom/copy_traits_sm80.hpp'
adding 'asym_gemm/include/cute/atom/copy_traits_sm90.hpp'
adding 'asym_gemm/include/cute/atom/copy_traits_sm90_im2col.hpp'
adding 'asym_gemm/include/cute/atom/copy_traits_sm90_tma.hpp'
adding 'asym_gemm/include/cute/atom/copy_traits_sm90_tma_swizzle.hpp'
adding 'asym_gemm/include/cute/atom/mma_atom.hpp'
adding 'asym_gemm/include/cute/atom/mma_traits.hpp'
adding 'asym_gemm/include/cute/atom/mma_traits_sm100.hpp'
adding 'asym_gemm/include/cute/atom/mma_traits_sm120.hpp'
adding 'asym_gemm/include/cute/atom/mma_traits_sm120_sparse.hpp'
adding 'asym_gemm/include/cute/atom/mma_traits_sm61.hpp'
adding 'asym_gemm/include/cute/atom/mma_traits_sm70.hpp'
adding 'asym_gemm/include/cute/atom/mma_traits_sm75.hpp'
adding 'asym_gemm/include/cute/atom/mma_traits_sm80.hpp'
adding 'asym_gemm/include/cute/atom/mma_traits_sm89.hpp'
adding 'asym_gemm/include/cute/atom/mma_traits_sm90.hpp'
adding 'asym_gemm/include/cute/atom/mma_traits_sm90_gmma.hpp'
adding 'asym_gemm/include/cute/atom/mma_traits_sm90_gmma_ext.hpp'
adding 'asym_gemm/include/cute/atom/mma_traits_sm90_gmma_sparse.hpp'
adding 'asym_gemm/include/cute/atom/mma_traits_sm90_gmma_sparse_ext.hpp'
adding 'asym_gemm/include/cute/atom/partitioner.hpp'
adding 'asym_gemm/include/cute/container/alignment.hpp'
adding 'asym_gemm/include/cute/container/array.hpp'
adding 'asym_gemm/include/cute/container/array_aligned.hpp'
adding 'asym_gemm/include/cute/container/array_subbyte.hpp'
adding 'asym_gemm/include/cute/container/bit_field.hpp'
adding 'asym_gemm/include/cute/container/cuda_types.hpp'
adding 'asym_gemm/include/cute/container/tuple.hpp'
adding 'asym_gemm/include/cute/container/type_list.hpp'
adding 'asym_gemm/include/cute/numeric/arithmetic_tuple.hpp'
adding 'asym_gemm/include/cute/numeric/complex.hpp'
adding 'asym_gemm/include/cute/numeric/int.hpp'
adding 'asym_gemm/include/cute/numeric/integer_sequence.hpp'
adding 'asym_gemm/include/cute/numeric/integral_constant.hpp'
adding 'asym_gemm/include/cute/numeric/integral_ratio.hpp'
adding 'asym_gemm/include/cute/numeric/math.hpp'
adding 'asym_gemm/include/cute/numeric/numeric_types.hpp'
adding 'asym_gemm/include/cute/numeric/real.hpp'
adding 'asym_gemm/include/cute/util/debug.hpp'
adding 'asym_gemm/include/cute/util/print.hpp'
adding 'asym_gemm/include/cute/util/print_latex.hpp'
adding 'asym_gemm/include/cute/util/print_svg.hpp'
adding 'asym_gemm/include/cute/util/print_tensor.hpp'
adding 'asym_gemm/include/cute/util/type_traits.hpp'
adding 'asym_gemm/include/cutlass/aligned_buffer.h'
adding 'asym_gemm/include/cutlass/array.h'
adding 'asym_gemm/include/cutlass/array_planar_complex.h'
adding 'asym_gemm/include/cutlass/array_subbyte.h'
adding 'asym_gemm/include/cutlass/barrier.h'
adding 'asym_gemm/include/cutlass/bfloat16.h'
adding 'asym_gemm/include/cutlass/blas3.h'
adding 'asym_gemm/include/cutlass/blas3_types.h'
adding 'asym_gemm/include/cutlass/block_striped.h'
adding 'asym_gemm/include/cutlass/cluster_launch.hpp'
adding 'asym_gemm/include/cutlass/complex.h'
adding 'asym_gemm/include/cutlass/constants.h'
adding 'asym_gemm/include/cutlass/coord.h'
adding 'asym_gemm/include/cutlass/core_io.h'
adding 'asym_gemm/include/cutlass/cuda_host_adapter.hpp'
adding 'asym_gemm/include/cutlass/cutlass.h'
adding 'asym_gemm/include/cutlass/device_kernel.h'
adding 'asym_gemm/include/cutlass/exmy_base.h'
adding 'asym_gemm/include/cutlass/fast_math.h'
adding 'asym_gemm/include/cutlass/float8.h'
adding 'asym_gemm/include/cutlass/float_subbyte.h'
adding 'asym_gemm/include/cutlass/floating_point_nvrtc.h'
adding 'asym_gemm/include/cutlass/functional.h'
adding 'asym_gemm/include/cutlass/gemm_coord.h'
adding 'asym_gemm/include/cutlass/gemm_coord.hpp'
adding 'asym_gemm/include/cutlass/half.h'
adding 'asym_gemm/include/cutlass/integer_subbyte.h'
adding 'asym_gemm/include/cutlass/kernel_hardware_info.h'
adding 'asym_gemm/include/cutlass/kernel_hardware_info.hpp'
adding 'asym_gemm/include/cutlass/kernel_launch.h'
adding 'asym_gemm/include/cutlass/matrix.h'
adding 'asym_gemm/include/cutlass/matrix_coord.h'
adding 'asym_gemm/include/cutlass/matrix_shape.h'
adding 'asym_gemm/include/cutlass/numeric_conversion.h'
adding 'asym_gemm/include/cutlass/numeric_size.h'
adding 'asym_gemm/include/cutlass/numeric_types.h'
adding 'asym_gemm/include/cutlass/pitch_linear_coord.h'
adding 'asym_gemm/include/cutlass/predicate_vector.h'
adding 'asym_gemm/include/cutlass/quaternion.h'
adding 'asym_gemm/include/cutlass/real.h'
adding 'asym_gemm/include/cutlass/relatively_equal.h'
adding 'asym_gemm/include/cutlass/semaphore.h'
adding 'asym_gemm/include/cutlass/subbyte_reference.h'
adding 'asym_gemm/include/cutlass/tensor_coord.h'
adding 'asym_gemm/include/cutlass/tensor_ref.h'
adding 'asym_gemm/include/cutlass/tensor_ref_planar_complex.h'
adding 'asym_gemm/include/cutlass/tensor_view.h'
adding 'asym_gemm/include/cutlass/tensor_view_planar_complex.h'
adding 'asym_gemm/include/cutlass/tfloat32.h'
adding 'asym_gemm/include/cutlass/trace.h'
adding 'asym_gemm/include/cutlass/uint128.h'
adding 'asym_gemm/include/cutlass/uint256.h'
adding 'asym_gemm/include/cutlass/version.h'
adding 'asym_gemm/include/cutlass/wmma_array.h'
adding 'asym_gemm/include/cutlass/workspace.h'
adding 'asym_gemm/include/cutlass/arch/arch.h'
adding 'asym_gemm/include/cutlass/arch/barrier.h'
adding 'asym_gemm/include/cutlass/arch/cache_operation.h'
adding 'asym_gemm/include/cutlass/arch/config.h'
adding 'asym_gemm/include/cutlass/arch/grid_dependency_control.h'
adding 'asym_gemm/include/cutlass/arch/memory.h'
adding 'asym_gemm/include/cutlass/arch/memory_sm75.h'
adding 'asym_gemm/include/cutlass/arch/memory_sm80.h'
adding 'asym_gemm/include/cutlass/arch/mma.h'
adding 'asym_gemm/include/cutlass/arch/mma_sm100.h'
adding 'asym_gemm/include/cutlass/arch/mma_sm50.h'
adding 'asym_gemm/include/cutlass/arch/mma_sm60.h'
adding 'asym_gemm/include/cutlass/arch/mma_sm61.h'
adding 'asym_gemm/include/cutlass/arch/mma_sm70.h'
adding 'asym_gemm/include/cutlass/arch/mma_sm75.h'
adding 'asym_gemm/include/cutlass/arch/mma_sm80.h'
adding 'asym_gemm/include/cutlass/arch/mma_sm89.h'
adding 'asym_gemm/include/cutlass/arch/mma_sm90.h'
adding 'asym_gemm/include/cutlass/arch/mma_sparse_sm80.h'
adding 'asym_gemm/include/cutlass/arch/mma_sparse_sm89.h'
adding 'asym_gemm/include/cutlass/arch/reg_reconfig.h'
adding 'asym_gemm/include/cutlass/arch/simd.h'
adding 'asym_gemm/include/cutlass/arch/simd_sm60.h'
adding 'asym_gemm/include/cutlass/arch/simd_sm61.h'
adding 'asym_gemm/include/cutlass/arch/synclog.hpp'
adding 'asym_gemm/include/cutlass/arch/wmma.h'
adding 'asym_gemm/include/cutlass/arch/wmma_sm70.h'
adding 'asym_gemm/include/cutlass/arch/wmma_sm72.h'
adding 'asym_gemm/include/cutlass/arch/wmma_sm75.h'
adding 'asym_gemm/include/cutlass/conv/conv2d_problem_size.h'
adding 'asym_gemm/include/cutlass/conv/conv3d_problem_size.h'
adding 'asym_gemm/include/cutlass/conv/convnd_problem_shape.hpp'
adding 'asym_gemm/include/cutlass/conv/convolution.h'
adding 'asym_gemm/include/cutlass/conv/detail.hpp'
adding 'asym_gemm/include/cutlass/conv/dispatch_policy.hpp'
adding 'asym_gemm/include/cutlass/conv/collective/collective_builder.hpp'
adding 'asym_gemm/include/cutlass/conv/collective/collective_conv.hpp'
adding 'asym_gemm/include/cutlass/conv/collective/detail.hpp'
adding 'asym_gemm/include/cutlass/conv/collective/sm100_implicit_gemm_umma_warpspecialized.hpp'
adding 'asym_gemm/include/cutlass/conv/collective/sm90_implicit_gemm_gmma_ss_warpspecialized.hpp'
adding 'asym_gemm/include/cutlass/conv/collective/builders/sm100_common.inl'
adding 'asym_gemm/include/cutlass/conv/collective/builders/sm100_umma_builder.inl'
adding 'asym_gemm/include/cutlass/conv/collective/builders/sm90_common.inl'
adding 'asym_gemm/include/cutlass/conv/collective/builders/sm90_gmma_builder.inl'
adding 'asym_gemm/include/cutlass/conv/device/conv_universal_adapter.hpp'
adding 'asym_gemm/include/cutlass/conv/device/direct_convolution.h'
adding 'asym_gemm/include/cutlass/conv/device/implicit_gemm_convolution.h'
adding 'asym_gemm/include/cutlass/conv/device/implicit_gemm_convolution_fusion.h'
adding 'asym_gemm/include/cutlass/conv/kernel/conv_universal.hpp'
adding 'asym_gemm/include/cutlass/conv/kernel/default_conv2d.h'
adding 'asym_gemm/include/cutlass/conv/kernel/default_conv2d_dgrad.h'
adding 'asym_gemm/include/cutlass/conv/kernel/default_conv2d_fprop.h'
adding 'asym_gemm/include/cutlass/conv/kernel/default_conv2d_fprop_fusion.h'
adding 'asym_gemm/include/cutlass/conv/kernel/default_conv2d_fprop_with_absmax.h'
adding 'asym_gemm/include/cutlass/conv/kernel/default_conv2d_fprop_with_broadcast.h'
adding 'asym_gemm/include/cutlass/conv/kernel/default_conv2d_fprop_with_reduction.h'
adding 'asym_gemm/include/cutlass/conv/kernel/default_conv2d_group_fprop.h'
adding 'asym_gemm/include/cutlass/conv/kernel/default_conv2d_wgrad.h'
adding 'asym_gemm/include/cutlass/conv/kernel/default_conv2d_wgrad_fusion.h'
adding 'asym_gemm/include/cutlass/conv/kernel/default_conv3d_dgrad.h'
adding 'asym_gemm/include/cutlass/conv/kernel/default_conv3d_fprop.h'
adding 'asym_gemm/include/cutlass/conv/kernel/default_conv3d_fprop_fusion.h'
adding 'asym_gemm/include/cutlass/conv/kernel/default_conv3d_fprop_with_broadcast.h'
adding 'asym_gemm/include/cutlass/conv/kernel/default_conv3d_wgrad.h'
adding 'asym_gemm/include/cutlass/conv/kernel/default_deconv2d.h'
adding 'asym_gemm/include/cutlass/conv/kernel/default_deconv2d_with_broadcast.h'
adding 'asym_gemm/include/cutlass/conv/kernel/default_deconv3d.h'
adding 'asym_gemm/include/cutlass/conv/kernel/default_deconv3d_with_broadcast.h'
adding 'asym_gemm/include/cutlass/conv/kernel/default_depthwise_fprop.h'
adding 'asym_gemm/include/cutlass/conv/kernel/direct_convolution.h'
adding 'asym_gemm/include/cutlass/conv/kernel/implicit_gemm_convolution.h'
adding 'asym_gemm/include/cutlass/conv/kernel/implicit_gemm_convolution_fusion.h'
adding 'asym_gemm/include/cutlass/conv/kernel/implicit_gemm_convolution_strided_dgrad.h'
adding 'asym_gemm/include/cutlass/conv/kernel/implicit_gemm_convolution_with_absmax.h'
adding 'asym_gemm/include/cutlass/conv/kernel/implicit_gemm_convolution_with_fused_epilogue.h'
adding 'asym_gemm/include/cutlass/conv/kernel/sm100_implicit_gemm_tma_warpspecialized.hpp'
adding 'asym_gemm/include/cutlass/conv/kernel/sm90_implicit_gemm_tma_warpspecialized.hpp'
adding 'asym_gemm/include/cutlass/conv/thread/depthwise_mma.h'
adding 'asym_gemm/include/cutlass/conv/threadblock/conv2d_dgrad_filter_tile_access_iterator_analytic.h'
adding 'asym_gemm/include/cutlass/conv/threadblock/conv2d_dgrad_filter_tile_access_iterator_optimized.h'
adding 'asym_gemm/include/cutlass/conv/threadblock/conv2d_dgrad_output_gradient_tile_access_iterator_analytic.h'
adding 'asym_gemm/include/cutlass/conv/threadblock/conv2d_dgrad_output_gradient_tile_access_iterator_optimized.h'
adding 'asym_gemm/include/cutlass/conv/threadblock/conv2d_fprop_activation_tile_access_iterator_analytic.h'
adding 'asym_gemm/include/cutlass/conv/threadblock/conv2d_fprop_activation_tile_access_iterator_few_channels.h'
adding 'asym_gemm/include/cutlass/conv/threadblock/conv2d_fprop_activation_tile_access_iterator_fixed_channels.h'
adding 'asym_gemm/include/cutlass/conv/threadblock/conv2d_fprop_activation_tile_access_iterator_optimized.h'
adding 'asym_gemm/include/cutlass/conv/threadblock/conv2d_fprop_filter_tile_access_iterator_analytic.h'
adding 'asym_gemm/include/cutlass/conv/threadblock/conv2d_fprop_filter_tile_access_iterator_few_channels.h'
adding 'asym_gemm/include/cutlass/conv/threadblock/conv2d_fprop_filter_tile_access_iterator_fixed_channels.h'
adding 'asym_gemm/include/cutlass/conv/threadblock/conv2d_fprop_filter_tile_access_iterator_optimized.h'
adding 'asym_gemm/include/cutlass/conv/threadblock/conv2d_params.h'
adding 'asym_gemm/include/cutlass/conv/threadblock/conv2d_tile_iterator.h'
adding 'asym_gemm/include/cutlass/conv/threadblock/conv2d_wgrad_activation_tile_access_iterator_analytic.h'
adding 'asym_gemm/include/cutlass/conv/threadblock/conv2d_wgrad_activation_tile_access_iterator_optimized.h'
adding 'asym_gemm/include/cutlass/conv/threadblock/conv2d_wgrad_output_gradient_tile_access_iterator_analytic.h'
adding 'asym_gemm/include/cutlass/conv/threadblock/conv2d_wgrad_output_gradient_tile_access_iterator_optimized.h'
adding 'asym_gemm/include/cutlass/conv/threadblock/conv3d_dgrad_filter_tile_access_iterator_analytic.h'
adding 'asym_gemm/include/cutlass/conv/threadblock/conv3d_dgrad_filter_tile_access_iterator_optimized.h'
adding 'asym_gemm/include/cutlass/conv/threadblock/conv3d_dgrad_output_gradient_tile_access_iterator_analytic.h'
adding 'asym_gemm/include/cutlass/conv/threadblock/conv3d_dgrad_output_gradient_tile_access_iterator_optimized.h'
adding 'asym_gemm/include/cutlass/conv/threadblock/conv3d_fprop_activation_tile_access_iterator_analytic.h'
adding 'asym_gemm/include/cutlass/conv/threadblock/conv3d_fprop_activation_tile_access_iterator_optimized.h'
adding 'asym_gemm/include/cutlass/conv/threadblock/conv3d_fprop_filter_tile_access_iterator_analytic.h'
adding 'asym_gemm/include/cutlass/conv/threadblock/conv3d_fprop_filter_tile_access_iterator_optimized.h'
adding 'asym_gemm/include/cutlass/conv/threadblock/conv3d_params.h'
adding 'asym_gemm/include/cutlass/conv/threadblock/conv3d_wgrad_activation_tile_access_iterator_analytic.h'
adding 'asym_gemm/include/cutlass/conv/threadblock/conv3d_wgrad_activation_tile_access_iterator_optimized.h'
adding 'asym_gemm/include/cutlass/conv/threadblock/conv3d_wgrad_output_gradient_tile_access_iterator_analytic.h'
adding 'asym_gemm/include/cutlass/conv/threadblock/conv3d_wgrad_output_gradient_tile_access_iterator_optimized.h'
adding 'asym_gemm/include/cutlass/conv/threadblock/depthwise_direct_conv_params.h'
adding 'asym_gemm/include/cutlass/conv/threadblock/depthwise_fprop_activation_tile_access_iterator_direct_conv_fixed_stride_dilation.h'
adding 'asym_gemm/include/cutlass/conv/threadblock/depthwise_fprop_activation_tile_access_iterator_direct_conv_optimized.h'
adding 'asym_gemm/include/cutlass/conv/threadblock/depthwise_fprop_direct_conv_multistage.h'
adding 'asym_gemm/include/cutlass/conv/threadblock/depthwise_fprop_filter_tile_access_iterator_direct_conv_optimized.h'
adding 'asym_gemm/include/cutlass/conv/threadblock/depthwise_fprop_pipelined.h'
adding 'asym_gemm/include/cutlass/conv/threadblock/depthwise_mma_base.h'
adding 'asym_gemm/include/cutlass/conv/threadblock/depthwise_mma_core_with_lane_access_size.h'
adding 'asym_gemm/include/cutlass/conv/threadblock/implicit_gemm_fprop_fusion_multistage.h'
adding 'asym_gemm/include/cutlass/conv/threadblock/implicit_gemm_multistage.h'
adding 'asym_gemm/include/cutlass/conv/threadblock/implicit_gemm_pipelined.h'
adding 'asym_gemm/include/cutlass/conv/threadblock/implicit_gemm_wgrad_fusion_multistage.h'
adding 'asym_gemm/include/cutlass/conv/threadblock/predicated_scale_bias_vector_access_iterator.h'
adding 'asym_gemm/include/cutlass/conv/threadblock/predicated_scale_bias_vector_iterator.h'
adding 'asym_gemm/include/cutlass/conv/threadblock/threadblock_swizzle.h'
adding 'asym_gemm/include/cutlass/conv/warp/mma_depthwise_simt.h'
adding 'asym_gemm/include/cutlass/conv/warp/mma_depthwise_simt_tile_iterator.h'
adding 'asym_gemm/include/cutlass/conv/warp/scale_bias_relu_transform.h'
adding 'asym_gemm/include/cutlass/detail/blockwise_scale_layout.hpp'
adding 'asym_gemm/include/cutlass/detail/cluster.hpp'
adding 'asym_gemm/include/cutlass/detail/collective.hpp'
adding 'asym_gemm/include/cutlass/detail/dependent_false.hpp'
adding 'asym_gemm/include/cutlass/detail/helper_macros.hpp'
adding 'asym_gemm/include/cutlass/detail/layout.hpp'
adding 'asym_gemm/include/cutlass/detail/mainloop_fusion_helper_scale_factor.hpp'
adding 'asym_gemm/include/cutlass/detail/mma.hpp'
adding 'asym_gemm/include/cutlass/detail/sm100_blockscaled_layout.hpp'
adding 'asym_gemm/include/cutlass/detail/sm100_mixed_dtype_blockwise_layout.hpp'
adding 'asym_gemm/include/cutlass/detail/sm100_tmem_helper.hpp'
adding 'asym_gemm/include/cutlass/detail/sm103_blockscaled_layout.hpp'
adding 'asym_gemm/include/cutlass/detail/collective/mixed_input_utils.hpp'
adding 'asym_gemm/include/cutlass/detail/collective/sm103_kernel_type.hpp'
adding 'asym_gemm/include/cutlass/epilogue/dispatch_policy.hpp'
adding 'asym_gemm/include/cutlass/epilogue/collective/collective_builder.hpp'
adding 'asym_gemm/include/cutlass/epilogue/collective/collective_epilogue.hpp'
adding 'asym_gemm/include/cutlass/epilogue/collective/default_epilogue.hpp'
adding 'asym_gemm/include/cutlass/epilogue/collective/default_epilogue_array.hpp'
adding 'asym_gemm/include/cutlass/epilogue/collective/detail.hpp'
adding 'asym_gemm/include/cutlass/epilogue/collective/epilogue_tensor_broadcast.hpp'
adding 'asym_gemm/include/cutlass/epilogue/collective/sm100_epilogue_array_nosmem.hpp'
adding 'asym_gemm/include/cutlass/epilogue/collective/sm100_epilogue_array_tma_warpspecialized.hpp'
adding 'asym_gemm/include/cutlass/epilogue/collective/sm100_epilogue_nosmem.hpp'
adding 'asym_gemm/include/cutlass/epilogue/collective/sm100_epilogue_tma_warpspecialized.hpp'
adding 'asym_gemm/include/cutlass/epilogue/collective/sm70_epilogue_vectorized.hpp'
adding 'asym_gemm/include/cutlass/epilogue/collective/sm70_epilogue_vectorized_array.hpp'
adding 'asym_gemm/include/cutlass/epilogue/collective/sm90_epilogue_array_tma_warpspecialized.hpp'
adding 'asym_gemm/include/cutlass/epilogue/collective/sm90_epilogue_tma_warpspecialized.hpp'
adding 'asym_gemm/include/cutlass/epilogue/collective/sm90_epilogue_tma_warpspecialized_bias_elementwise.hpp'
adding 'asym_gemm/include/cutlass/epilogue/collective/builders/sm100_builder.inl'
adding 'asym_gemm/include/cutlass/epilogue/collective/builders/sm103_builder.inl'
adding 'asym_gemm/include/cutlass/epilogue/collective/builders/sm120_builder.inl'
adding 'asym_gemm/include/cutlass/epilogue/collective/builders/sm120_common.inl'
adding 'asym_gemm/include/cutlass/epilogue/collective/builders/sm90_builder.inl'
adding 'asym_gemm/include/cutlass/epilogue/collective/builders/sm90_common.inl'
adding 'asym_gemm/include/cutlass/epilogue/fusion/callbacks.hpp'
adding 'asym_gemm/include/cutlass/epilogue/fusion/operations.hpp'
adding 'asym_gemm/include/cutlass/epilogue/fusion/sm100_callbacks_tma_warpspecialized.hpp'
adding 'asym_gemm/include/cutlass/epilogue/fusion/sm100_visitor_compute_tma_warpspecialized.hpp'
adding 'asym_gemm/include/cutlass/epilogue/fusion/sm100_visitor_store_tma_warpspecialized.hpp'
adding 'asym_gemm/include/cutlass/epilogue/fusion/sm120_callbacks_tma_warpspecialized.hpp'
adding 'asym_gemm/include/cutlass/epilogue/fusion/sm120_visitor_store_tma_warpspecialized.hpp'
adding 'asym_gemm/include/cutlass/epilogue/fusion/sm90_callbacks_tma_warpspecialized.hpp'
adding 'asym_gemm/include/cutlass/epilogue/fusion/sm90_visitor_compute_tma_warpspecialized.hpp'
adding 'asym_gemm/include/cutlass/epilogue/fusion/sm90_visitor_load_tma_warpspecialized.hpp'
adding 'asym_gemm/include/cutlass/epilogue/fusion/sm90_visitor_store_tma_warpspecialized.hpp'
adding 'asym_gemm/include/cutlass/epilogue/fusion/sm90_visitor_tma_warpspecialized.hpp'
adding 'asym_gemm/include/cutlass/epilogue/fusion/sm90_visitor_topk_softmax.hpp'
adding 'asym_gemm/include/cutlass/epilogue/thread/activation.h'
adding 'asym_gemm/include/cutlass/epilogue/thread/conversion_op.h'
adding 'asym_gemm/include/cutlass/epilogue/thread/detail.hpp'
adding 'asym_gemm/include/cutlass/epilogue/thread/linear_combination.h'
adding 'asym_gemm/include/cutlass/epilogue/thread/linear_combination_bias_elementwise.h'
adding 'asym_gemm/include/cutlass/epilogue/thread/linear_combination_bias_relu.h'
adding 'asym_gemm/include/cutlass/epilogue/thread/linear_combination_clamp.h'
adding 'asym_gemm/include/cutlass/epilogue/thread/linear_combination_dgelu.h'
adding 'asym_gemm/include/cutlass/epilogue/thread/linear_combination_drelu.h'
adding 'asym_gemm/include/cutlass/epilogue/thread/linear_combination_gelu.h'
adding 'asym_gemm/include/cutlass/epilogue/thread/linear_combination_generic.h'
adding 'asym_gemm/include/cutlass/epilogue/thread/linear_combination_generic_with_scaling.h'
adding 'asym_gemm/include/cutlass/epilogue/thread/linear_combination_hardswish.h'
adding 'asym_gemm/include/cutlass/epilogue/thread/linear_combination_leaky_relu.h'
adding 'asym_gemm/include/cutlass/epilogue/thread/linear_combination_params.h'
adding 'asym_gemm/include/cutlass/epilogue/thread/linear_combination_planar_complex.h'
adding 'asym_gemm/include/cutlass/epilogue/thread/linear_combination_relu.h'
adding 'asym_gemm/include/cutlass/epilogue/thread/linear_combination_relu0.h'
adding 'asym_gemm/include/cutlass/epilogue/thread/linear_combination_residual_block.h'
adding 'asym_gemm/include/cutlass/epilogue/thread/linear_combination_sigmoid.h'
adding 'asym_gemm/include/cutlass/epilogue/thread/linear_combination_silu.h'
adding 'asym_gemm/include/cutlass/epilogue/thread/linear_combination_tensor_broadcast.hpp'
adding 'asym_gemm/include/cutlass/epilogue/thread/linear_combination_with_elementwise.h'
adding 'asym_gemm/include/cutlass/epilogue/thread/reduction_op.h'
adding 'asym_gemm/include/cutlass/epilogue/thread/scale_type.h'
adding 'asym_gemm/include/cutlass/epilogue/threadblock/default_epilogue_complex_tensor_op.h'
adding 'asym_gemm/include/cutlass/epilogue/threadblock/default_epilogue_complex_tensor_op_blas3.h'
adding 'asym_gemm/include/cutlass/epilogue/threadblock/default_epilogue_direct_store.h'
adding 'asym_gemm/include/cutlass/epilogue/threadblock/default_epilogue_planar_complex.h'
adding 'asym_gemm/include/cutlass/epilogue/threadblock/default_epilogue_simt.h'
adding 'asym_gemm/include/cutlass/epilogue/threadblock/default_epilogue_tensor_op.h'
adding 'asym_gemm/include/cutlass/epilogue/threadblock/default_epilogue_tensor_op_blas3.h'
adding 'asym_gemm/include/cutlass/epilogue/threadblock/default_epilogue_volta_tensor_op.h'
adding 'asym_gemm/include/cutlass/epilogue/threadblock/default_epilogue_with_absmax.h'
adding 'asym_gemm/include/cutlass/epilogue/threadblock/default_epilogue_with_broadcast.h'
adding 'asym_gemm/include/cutlass/epilogue/threadblock/default_epilogue_with_reduction.h'
adding 'asym_gemm/include/cutlass/epilogue/threadblock/default_epilogue_wmma_tensor_op.h'
adding 'asym_gemm/include/cutlass/epilogue/threadblock/default_thread_map_simt.h'
adding 'asym_gemm/include/cutlass/epilogue/threadblock/default_thread_map_tensor_op.h'
adding 'asym_gemm/include/cutlass/epilogue/threadblock/default_thread_map_volta_tensor_op.h'
adding 'asym_gemm/include/cutlass/epilogue/threadblock/default_thread_map_wmma_tensor_op.h'
adding 'asym_gemm/include/cutlass/epilogue/threadblock/direct_store_epilogue_iterator.h'
adding 'asym_gemm/include/cutlass/epilogue/threadblock/epilogue.h'
adding 'asym_gemm/include/cutlass/epilogue/threadblock/epilogue_base.h'
adding 'asym_gemm/include/cutlass/epilogue/threadblock/epilogue_base_streamk.h'
adding 'asym_gemm/include/cutlass/epilogue/threadblock/epilogue_depthwise.h'
adding 'asym_gemm/include/cutlass/epilogue/threadblock/epilogue_direct_store.h'
adding 'asym_gemm/include/cutlass/epilogue/threadblock/epilogue_gemm_k_reduction.h'
adding 'asym_gemm/include/cutlass/epilogue/threadblock/epilogue_planar_complex.h'
adding 'asym_gemm/include/cutlass/epilogue/threadblock/epilogue_smem_accumulator.h'
adding 'asym_gemm/include/cutlass/epilogue/threadblock/epilogue_streamk_with_broadcast.h'
adding 'asym_gemm/include/cutlass/epilogue/threadblock/epilogue_visitor_with_softmax.h'
adding 'asym_gemm/include/cutlass/epilogue/threadblock/epilogue_with_absmax.h'
adding 'asym_gemm/include/cutlass/epilogue/threadblock/epilogue_with_broadcast.h'
adding 'asym_gemm/include/cutlass/epilogue/threadblock/epilogue_with_reduction.h'
adding 'asym_gemm/include/cutlass/epilogue/threadblock/epilogue_with_scaling_factor.h'
adding 'asym_gemm/include/cutlass/epilogue/threadblock/epilogue_with_visitor.h'
adding 'asym_gemm/include/cutlass/epilogue/threadblock/epilogue_with_visitor_callbacks.h'
adding 'asym_gemm/include/cutlass/epilogue/threadblock/epilogue_workspace.h'
adding 'asym_gemm/include/cutlass/epilogue/threadblock/interleaved_epilogue.h'
adding 'asym_gemm/include/cutlass/epilogue/threadblock/output_iterator_parameter.h'
adding 'asym_gemm/include/cutlass/epilogue/threadblock/output_tile_thread_map.h'
adding 'asym_gemm/include/cutlass/epilogue/threadblock/predicated_tile_iterator.h'
adding 'asym_gemm/include/cutlass/epilogue/threadblock/predicated_tile_iterator_affine.h'
adding 'asym_gemm/include/cutlass/epilogue/threadblock/predicated_tile_iterator_affine_layout_params.h'
adding 'asym_gemm/include/cutlass/epilogue/threadblock/predicated_tile_iterator_blas3.h'
adding 'asym_gemm/include/cutlass/epilogue/threadblock/predicated_tile_iterator_conv.h'
adding 'asym_gemm/include/cutlass/epilogue/threadblock/predicated_tile_iterator_direct_conv.h'
adding 'asym_gemm/include/cutlass/epilogue/threadblock/predicated_tile_iterator_params.h'
adding 'asym_gemm/include/cutlass/epilogue/threadblock/predicated_tile_iterator_predicates.h'
adding 'asym_gemm/include/cutlass/epilogue/threadblock/predicated_tile_iterator_strided_dgrad.h'
adding 'asym_gemm/include/cutlass/epilogue/threadblock/shared_load_iterator.h'
adding 'asym_gemm/include/cutlass/epilogue/threadblock/shared_load_iterator_mixed.h'
adding 'asym_gemm/include/cutlass/epilogue/threadblock/shared_load_iterator_pitch_linear.h'
adding 'asym_gemm/include/cutlass/epilogue/threadblock/fusion/visitor_2x.hpp'
adding 'asym_gemm/include/cutlass/epilogue/threadblock/fusion/visitor_compute.hpp'
adding 'asym_gemm/include/cutlass/epilogue/threadblock/fusion/visitor_load.hpp'
adding 'asym_gemm/include/cutlass/epilogue/threadblock/fusion/visitor_store.hpp'
adding 'asym_gemm/include/cutlass/epilogue/threadblock/fusion/visitors.hpp'
adding 'asym_gemm/include/cutlass/epilogue/warp/fragment_iterator_complex_tensor_op.h'
adding 'asym_gemm/include/cutlass/epilogue/warp/fragment_iterator_gaussian_complex_tensor_op.h'
adding 'asym_gemm/include/cutlass/epilogue/warp/fragment_iterator_simt.h'
adding 'asym_gemm/include/cutlass/epilogue/warp/fragment_iterator_tensor_op.h'
adding 'asym_gemm/include/cutlass/epilogue/warp/fragment_iterator_volta_tensor_op.h'
adding 'asym_gemm/include/cutlass/epilogue/warp/fragment_iterator_wmma_tensor_op.h'
adding 'asym_gemm/include/cutlass/epilogue/warp/simt_policy.h'
adding 'asym_gemm/include/cutlass/epilogue/warp/tensor_op_policy.h'
adding 'asym_gemm/include/cutlass/epilogue/warp/tile_iterator_simt.h'
adding 'asym_gemm/include/cutlass/epilogue/warp/tile_iterator_tensor_op.h'
adding 'asym_gemm/include/cutlass/epilogue/warp/tile_iterator_tensor_op_mixed.h'
adding 'asym_gemm/include/cutlass/epilogue/warp/tile_iterator_volta_tensor_op.h'
adding 'asym_gemm/include/cutlass/epilogue/warp/tile_iterator_wmma_tensor_op.h'
adding 'asym_gemm/include/cutlass/epilogue/warp/volta_tensor_op_policy.h'
adding 'asym_gemm/include/cutlass/epilogue/warp/wmma_tensor_op_policy.h'
adding 'asym_gemm/include/cutlass/experimental/distributed/device/detail.hpp'
adding 'asym_gemm/include/cutlass/experimental/distributed/device/dist_gemm_universal_wrapper.hpp'
adding 'asym_gemm/include/cutlass/experimental/distributed/device/full_barrier.hpp'
adding 'asym_gemm/include/cutlass/experimental/distributed/kernel/detail.hpp'
adding 'asym_gemm/include/cutlass/experimental/distributed/kernel/dist_gemm_kernel_wrapper.hpp'
adding 'asym_gemm/include/cutlass/experimental/distributed/kernel/full_barrier.hpp'
adding 'asym_gemm/include/cutlass/experimental/distributed/schedules/dist_gemm_1d_schedules.hpp'
adding 'asym_gemm/include/cutlass/experimental/distributed/schedules/dist_gemm_base_schedule.hpp'
adding 'asym_gemm/include/cutlass/gemm/dispatch_policy.hpp'
adding 'asym_gemm/include/cutlass/gemm/gemm.h'
adding 'asym_gemm/include/cutlass/gemm/gemm_enumerated_types.h'
adding 'asym_gemm/include/cutlass/gemm/group_array_problem_shape.hpp'
adding 'asym_gemm/include/cutlass/gemm/collective/collective_builder.hpp'
adding 'asym_gemm/include/cutlass/gemm/collective/collective_builder_decl.hpp'
adding 'asym_gemm/include/cutlass/gemm/collective/collective_mma.hpp'
adding 'asym_gemm/include/cutlass/gemm/collective/collective_mma_decl.hpp'
adding 'asym_gemm/include/cutlass/gemm/collective/fp8_accumulation.hpp'
adding 'asym_gemm/include/cutlass/gemm/collective/sm100_blockscaled_mma_array_warpspecialized.hpp'
adding 'asym_gemm/include/cutlass/gemm/collective/sm100_blockscaled_mma_mixed_tma_cpasync_warpspecialized.hpp'
adding 'asym_gemm/include/cutlass/gemm/collective/sm100_blockscaled_mma_warpspecialized.hpp'
adding 'asym_gemm/include/cutlass/gemm/collective/sm100_blockscaled_sparse_mma_warpspecialized.hpp'
adding 'asym_gemm/include/cutlass/gemm/collective/sm100_mma_array_warpspecialized.hpp'
adding 'asym_gemm/include/cutlass/gemm/collective/sm100_mma_array_warpspecialized_blockwise_scaling.hpp'
adding 'asym_gemm/include/cutlass/gemm/collective/sm100_mma_array_warpspecialized_emulated.hpp'
adding 'asym_gemm/include/cutlass/gemm/collective/sm100_mma_cpasync_warpspecialized.hpp'
adding 'asym_gemm/include/cutlass/gemm/collective/sm100_mma_mixed_tma_cpasync_warpspecialized.hpp'
adding 'asym_gemm/include/cutlass/gemm/collective/sm100_mma_warpspecialized.hpp'
adding 'asym_gemm/include/cutlass/gemm/collective/sm100_mma_warpspecialized_blockwise_scaling.hpp'
adding 'asym_gemm/include/cutlass/gemm/collective/sm100_mma_warpspecialized_emulated.hpp'
adding 'asym_gemm/include/cutlass/gemm/collective/sm100_mma_warpspecialized_mixed_input.hpp'
adding 'asym_gemm/include/cutlass/gemm/collective/sm100_sparse_mma_warpspecialized.hpp'
adding 'asym_gemm/include/cutlass/gemm/collective/sm103_blockscaled_mma_array_warpspecialized.hpp'
adding 'asym_gemm/include/cutlass/gemm/collective/sm103_blockscaled_mma_warpspecialized.hpp'
adding 'asym_gemm/include/cutlass/gemm/collective/sm120_blockscaled_mma_array_tma.hpp'
adding 'asym_gemm/include/cutlass/gemm/collective/sm120_blockscaled_mma_tma.hpp'
adding 'asym_gemm/include/cutlass/gemm/collective/sm120_blockscaled_sparse_mma_tma.hpp'
adding 'asym_gemm/include/cutlass/gemm/collective/sm120_mma_array_tma_blockwise_scaling.hpp'
adding 'asym_gemm/include/cutlass/gemm/collective/sm120_mma_tma.hpp'
adding 'asym_gemm/include/cutlass/gemm/collective/sm120_mma_tma_blockwise_scaling.hpp'
adding 'asym_gemm/include/cutlass/gemm/collective/sm120_sparse_mma_tma.hpp'
adding 'asym_gemm/include/cutlass/gemm/collective/sm70_mma_twostage.hpp'
adding 'asym_gemm/include/cutlass/gemm/collective/sm80_mma_array_multistage.hpp'
adding 'asym_gemm/include/cutlass/gemm/collective/sm80_mma_multistage.hpp'
adding 'asym_gemm/include/cutlass/gemm/collective/sm90_mma_array_tma_gmma_rs_warpspecialized_mixed_input.hpp'
adding 'asym_gemm/include/cutlass/gemm/collective/sm90_mma_array_tma_gmma_ss_warpspecialized.hpp'
adding 'asym_gemm/include/cutlass/gemm/collective/sm90_mma_array_tma_gmma_ss_warpspecialized_fp8.hpp'
adding 'asym_gemm/include/cutlass/gemm/collective/sm90_mma_array_tma_gmma_ss_warpspecialized_fp8_blockwise_scaling.hpp'
adding 'asym_gemm/include/cutlass/gemm/collective/sm90_mma_multistage_gmma_rs_warpspecialized.hpp'
adding 'asym_gemm/include/cutlass/gemm/collective/sm90_mma_multistage_gmma_ss_warpspecialized.hpp'
adding 'asym_gemm/include/cutlass/gemm/collective/sm90_mma_tma_gmma_rs_warpspecialized.hpp'
adding 'asym_gemm/include/cutlass/gemm/collective/sm90_mma_tma_gmma_rs_warpspecialized_mixed_input.hpp'
adding 'asym_gemm/include/cutlass/gemm/collective/sm90_mma_tma_gmma_ss.hpp'
adding 'asym_gemm/include/cutlass/gemm/collective/sm90_mma_tma_gmma_ss_warpspecialized.hpp'
adding 'asym_gemm/include/cutlass/gemm/collective/sm90_mma_tma_gmma_ss_warpspecialized_fp8.hpp'
adding 'asym_gemm/include/cutlass/gemm/collective/sm90_mma_tma_gmma_ss_warpspecialized_fp8_blockwise_scaling.hpp'
adding 'asym_gemm/include/cutlass/gemm/collective/sm90_sparse_mma_tma_gmma_ss_warpspecialized.hpp'
adding 'asym_gemm/include/cutlass/gemm/collective/sm90_sparse_mma_tma_gmma_ss_warpspecialized_fp8.hpp'
adding 'asym_gemm/include/cutlass/gemm/collective/builders/sm100_9xBF16_umma_builder.inl'
adding 'asym_gemm/include/cutlass/gemm/collective/builders/sm100_blockscaled_mixed_tma_cpasync_umma_builder.inl'
adding 'asym_gemm/include/cutlass/gemm/collective/builders/sm100_blockscaled_sparse_umma_builder.inl'
adding 'asym_gemm/include/cutlass/gemm/collective/builders/sm100_blockscaled_umma_builder.inl'
adding 'asym_gemm/include/cutlass/gemm/collective/builders/sm100_blockwise_umma_builder.inl'
adding 'asym_gemm/include/cutlass/gemm/collective/builders/sm100_common.inl'
adding 'asym_gemm/include/cutlass/gemm/collective/builders/sm100_cpasync_umma_builder.inl'
adding 'asym_gemm/include/cutlass/gemm/collective/builders/sm100_mixed_input_umma_builder.inl'
adding 'asym_gemm/include/cutlass/gemm/collective/builders/sm100_mixed_tma_cpasync_umma_builder.inl'
adding 'asym_gemm/include/cutlass/gemm/collective/builders/sm100_pipeline_carveout.inl'
adding 'asym_gemm/include/cutlass/gemm/collective/builders/sm100_simt_builder.inl'
adding 'asym_gemm/include/cutlass/gemm/collective/builders/sm100_sparse_umma_builder.inl'
adding 'asym_gemm/include/cutlass/gemm/collective/builders/sm100_umma_builder.inl'
adding 'asym_gemm/include/cutlass/gemm/collective/builders/sm103_blockscaled_umma_builder.inl'
adding 'asym_gemm/include/cutlass/gemm/collective/builders/sm120_blockscaled_mma_builder.inl'
adding 'asym_gemm/include/cutlass/gemm/collective/builders/sm120_blockscaled_sparse_mma_builder.inl'
adding 'asym_gemm/include/cutlass/gemm/collective/builders/sm120_blockwise_mma_builder.inl'
adding 'asym_gemm/include/cutlass/gemm/collective/builders/sm120_common.inl'
adding 'asym_gemm/include/cutlass/gemm/collective/builders/sm120_mma_builder.inl'
adding 'asym_gemm/include/cutlass/gemm/collective/builders/sm120_sparse_mma_builder.inl'
adding 'asym_gemm/include/cutlass/gemm/collective/builders/sm1xx_common.inl'
adding 'asym_gemm/include/cutlass/gemm/collective/builders/sm1xx_sparse_config.inl'
adding 'asym_gemm/include/cutlass/gemm/collective/builders/sm90_common.inl'
adding 'asym_gemm/include/cutlass/gemm/collective/builders/sm90_gmma_builder.inl'
adding 'asym_gemm/include/cutlass/gemm/collective/builders/sm90_sparse_config.inl'
adding 'asym_gemm/include/cutlass/gemm/collective/builders/sm90_sparse_gmma_builder.inl'
adding 'asym_gemm/include/cutlass/gemm/device/base_grouped.h'
adding 'asym_gemm/include/cutlass/gemm/device/default_gemm_configuration.h'
adding 'asym_gemm/include/cutlass/gemm/device/ell_gemm.h'
adding 'asym_gemm/include/cutlass/gemm/device/gemm.h'
adding 'asym_gemm/include/cutlass/gemm/device/gemm_array.h'
adding 'asym_gemm/include/cutlass/gemm/device/gemm_batched.h'
adding 'asym_gemm/include/cutlass/gemm/device/gemm_complex.h'
adding 'asym_gemm/include/cutlass/gemm/device/gemm_grouped.h'
adding 'asym_gemm/include/cutlass/gemm/device/gemm_layernorm_mainloop_fusion.h'
adding 'asym_gemm/include/cutlass/gemm/device/gemm_sparse.h'
adding 'asym_gemm/include/cutlass/gemm/device/gemm_sparse_universal.h'
adding 'asym_gemm/include/cutlass/gemm/device/gemm_sparse_universal_with_absmax.h'
adding 'asym_gemm/include/cutlass/gemm/device/gemm_sparse_with_absmax.h'
adding 'asym_gemm/include/cutlass/gemm/device/gemm_sparse_with_visitor.h'
adding 'asym_gemm/include/cutlass/gemm/device/gemm_splitk_parallel.h'
adding 'asym_gemm/include/cutlass/gemm/device/gemm_universal.h'
adding 'asym_gemm/include/cutlass/gemm/device/gemm_universal_adapter.h'
adding 'asym_gemm/include/cutlass/gemm/device/gemm_universal_base.h'
adding 'asym_gemm/include/cutlass/gemm/device/gemm_universal_streamk_with_broadcast.h'
adding 'asym_gemm/include/cutlass/gemm/device/gemm_universal_with_absmax.h'
adding 'asym_gemm/include/cutlass/gemm/device/gemm_universal_with_broadcast.h'
adding 'asym_gemm/include/cutlass/gemm/device/gemm_with_k_reduction.h'
adding 'asym_gemm/include/cutlass/gemm/device/gemv.h'
adding 'asym_gemm/include/cutlass/gemm/device/gemv_blockscaled.h'
adding 'asym_gemm/include/cutlass/gemm/device/rank_2k.h'
adding 'asym_gemm/include/cutlass/gemm/device/rank_2k_grouped.h'
adding 'asym_gemm/include/cutlass/gemm/device/rank_k.h'
adding 'asym_gemm/include/cutlass/gemm/device/symm.h'
adding 'asym_gemm/include/cutlass/gemm/device/trmm.h'
adding 'asym_gemm/include/cutlass/gemm/kernel/default_ell_gemm.h'
adding 'asym_gemm/include/cutlass/gemm/kernel/default_gemm.h'
adding 'asym_gemm/include/cutlass/gemm/kernel/default_gemm_complex.h'
adding 'asym_gemm/include/cutlass/gemm/kernel/default_gemm_grouped.h'
adding 'asym_gemm/include/cutlass/gemm/kernel/default_gemm_grouped_per_group_scale.h'
adding 'asym_gemm/include/cutlass/gemm/kernel/default_gemm_grouped_softmax_mainloop_fusion.h'
adding 'asym_gemm/include/cutlass/gemm/kernel/default_gemm_layernorm_mainloop_fusion.h'
adding 'asym_gemm/include/cutlass/gemm/kernel/default_gemm_planar_complex_universal.h'
adding 'asym_gemm/include/cutlass/gemm/kernel/default_gemm_sparse.h'
adding 'asym_gemm/include/cutlass/gemm/kernel/default_gemm_sparse_universal.h'
adding 'asym_gemm/include/cutlass/gemm/kernel/default_gemm_sparse_universal_with_absmax.h'
adding 'asym_gemm/include/cutlass/gemm/kernel/default_gemm_sparse_with_absmax.h'
adding 'asym_gemm/include/cutlass/gemm/kernel/default_gemm_sparse_with_visitor.h'
adding 'asym_gemm/include/cutlass/gemm/kernel/default_gemm_splitk_parallel.h'
adding 'asym_gemm/include/cutlass/gemm/kernel/default_gemm_streamk_with_broadcast.h'
adding 'asym_gemm/include/cutlass/gemm/kernel/default_gemm_universal.h'
adding 'asym_gemm/include/cutlass/gemm/kernel/default_gemm_universal_with_visitor.h'
adding 'asym_gemm/include/cutlass/gemm/kernel/default_gemm_with_absmax.h'
adding 'asym_gemm/include/cutlass/gemm/kernel/default_gemm_with_broadcast.h'
adding 'asym_gemm/include/cutlass/gemm/kernel/default_gemm_with_k_reduction.h'
adding 'asym_gemm/include/cutlass/gemm/kernel/default_gemm_with_reduction.h'
adding 'asym_gemm/include/cutlass/gemm/kernel/default_gemv.h'
adding 'asym_gemm/include/cutlass/gemm/kernel/default_rank_2k.h'
adding 'asym_gemm/include/cutlass/gemm/kernel/default_rank_2k_complex.h'
adding 'asym_gemm/include/cutlass/gemm/kernel/default_rank_2k_grouped.h'
adding 'asym_gemm/include/cutlass/gemm/kernel/default_rank_2k_universal.h'
adding 'asym_gemm/include/cutlass/gemm/kernel/default_rank_k.h'
adding 'asym_gemm/include/cutlass/gemm/kernel/default_rank_k_complex.h'
adding 'asym_gemm/include/cutlass/gemm/kernel/default_rank_k_universal.h'
adding 'asym_gemm/include/cutlass/gemm/kernel/default_symm.h'
adding 'asym_gemm/include/cutlass/gemm/kernel/default_symm_complex.h'
adding 'asym_gemm/include/cutlass/gemm/kernel/default_symm_universal.h'
adding 'asym_gemm/include/cutlass/gemm/kernel/default_trmm.h'
adding 'asym_gemm/include/cutlass/gemm/kernel/default_trmm_complex.h'
adding 'asym_gemm/include/cutlass/gemm/kernel/default_trmm_universal.h'
adding 'asym_gemm/include/cutlass/gemm/kernel/ell_gemm.h'
adding 'asym_gemm/include/cutlass/gemm/kernel/gemm.h'
adding 'asym_gemm/include/cutlass/gemm/kernel/gemm_array.h'
adding 'asym_gemm/include/cutlass/gemm/kernel/gemm_batched.h'
adding 'asym_gemm/include/cutlass/gemm/kernel/gemm_grouped.h'
adding 'asym_gemm/include/cutlass/gemm/kernel/gemm_grouped_per_group_scale.h'
adding 'asym_gemm/include/cutlass/gemm/kernel/gemm_grouped_problem_visitor.h'
adding 'asym_gemm/include/cutlass/gemm/kernel/gemm_grouped_softmax_mainloop_fusion.h'
adding 'asym_gemm/include/cutlass/gemm/kernel/gemm_layernorm_mainloop_fusion.h'
adding 'asym_gemm/include/cutlass/gemm/kernel/gemm_params.h'
adding 'asym_gemm/include/cutlass/gemm/kernel/gemm_pipelined.h'
adding 'asym_gemm/include/cutlass/gemm/kernel/gemm_planar_complex.h'
adding 'asym_gemm/include/cutlass/gemm/kernel/gemm_planar_complex_array.h'
adding 'asym_gemm/include/cutlass/gemm/kernel/gemm_sparse_universal.h'
adding 'asym_gemm/include/cutlass/gemm/kernel/gemm_sparse_universal_with_absmax.h'
adding 'asym_gemm/include/cutlass/gemm/kernel/gemm_splitk_parallel.h'
adding 'asym_gemm/include/cutlass/gemm/kernel/gemm_streamk_with_fused_epilogue.h'
adding 'asym_gemm/include/cutlass/gemm/kernel/gemm_transpose_operands.h'
adding 'asym_gemm/include/cutlass/gemm/kernel/gemm_universal.h'
adding 'asym_gemm/include/cutlass/gemm/kernel/gemm_universal.hpp'
adding 'asym_gemm/include/cutlass/gemm/kernel/gemm_universal_decl.h'
adding 'asym_gemm/include/cutlass/gemm/kernel/gemm_universal_streamk.h'
adding 'asym_gemm/include/cutlass/gemm/kernel/gemm_universal_with_visitor.h'
adding 'asym_gemm/include/cutlass/gemm/kernel/gemm_universal_with_visitor_streamk.h'
adding 'asym_gemm/include/cutlass/gemm/kernel/gemm_with_absmax.h'
adding 'asym_gemm/include/cutlass/gemm/kernel/gemm_with_fused_epilogue.h'
adding 'asym_gemm/include/cutlass/gemm/kernel/gemm_with_k_reduction.h'
adding 'asym_gemm/include/cutlass/gemm/kernel/gemv.h'
adding 'asym_gemm/include/cutlass/gemm/kernel/gemv_batched_strided.h'
adding 'asym_gemm/include/cutlass/gemm/kernel/gemv_blockscaled.h'
adding 'asym_gemm/include/cutlass/gemm/kernel/grouped_problem_visitor.h'
adding 'asym_gemm/include/cutlass/gemm/kernel/params_sparse_base.h'
adding 'asym_gemm/include/cutlass/gemm/kernel/params_universal_base.h'
adding 'asym_gemm/include/cutlass/gemm/kernel/rank_2k_grouped.h'
adding 'asym_gemm/include/cutlass/gemm/kernel/rank_2k_grouped_problem_visitor.h'
adding 'asym_gemm/include/cutlass/gemm/kernel/rank_2k_transpose_operands.h'
adding 'asym_gemm/include/cutlass/gemm/kernel/rank_2k_universal.h'
adding 'asym_gemm/include/cutlass/gemm/kernel/rank_k_universal.h'
adding 'asym_gemm/include/cutlass/gemm/kernel/sm100_gemm_array_tma_warpspecialized.hpp'
adding 'asym_gemm/include/cutlass/gemm/kernel/sm100_gemm_array_tma_warpspecialized_input_transform.hpp'
adding 'asym_gemm/include/cutlass/gemm/kernel/sm100_gemm_array_tma_warpspecialized_mma_transform.hpp'
adding 'asym_gemm/include/cutlass/gemm/kernel/sm100_gemm_cpasync_warpspecialized.hpp'
adding 'asym_gemm/include/cutlass/gemm/kernel/sm100_gemm_mixed_tma_cpasync_warpspecialized.hpp'
adding 'asym_gemm/include/cutlass/gemm/kernel/sm100_gemm_tma_warpspecialized.hpp'
adding 'asym_gemm/include/cutlass/gemm/kernel/sm100_gemm_tma_warpspecialized_input_transform.hpp'
adding 'asym_gemm/include/cutlass/gemm/kernel/sm100_gemm_tma_warpspecialized_mixed_input_transform.hpp'
adding 'asym_gemm/include/cutlass/gemm/kernel/sm100_gemm_tma_warpspecialized_mma_transform.hpp'
adding 'asym_gemm/include/cutlass/gemm/kernel/sm100_sparse_gemm_tma_warpspecialized.hpp'
adding 'asym_gemm/include/cutlass/gemm/kernel/sm100_static_tile_scheduler.hpp'
adding 'asym_gemm/include/cutlass/gemm/kernel/sm100_tile_scheduler.hpp'
adding 'asym_gemm/include/cutlass/gemm/kernel/sm100_tile_scheduler_group.hpp'
adding 'asym_gemm/include/cutlass/gemm/kernel/sm100_tile_scheduler_stream_k.hpp'
adding 'asym_gemm/include/cutlass/gemm/kernel/sm103_blockscaled_gemm_array_tma_warpspecialized.hpp'
adding 'asym_gemm/include/cutlass/gemm/kernel/sm103_blockscaled_gemm_tma_warpspecialized.hpp'
adding 'asym_gemm/include/cutlass/gemm/kernel/sm120_gemm_tma_warpspecialized_cooperative_asymmetric_dma.hpp'
adding 'asym_gemm/include/cutlass/gemm/kernel/sm70_gemm.hpp'
adding 'asym_gemm/include/cutlass/gemm/kernel/sm70_gemm_array.hpp'
adding 'asym_gemm/include/cutlass/gemm/kernel/sm90_gemm_array_tma_warpspecialized_cooperative.hpp'
adding 'asym_gemm/include/cutlass/gemm/kernel/sm90_gemm_array_tma_warpspecialized_pingpong.hpp'
adding 'asym_gemm/include/cutlass/gemm/kernel/sm90_gemm_tma.hpp'
adding 'asym_gemm/include/cutlass/gemm/kernel/sm90_gemm_tma_warpspecialized.hpp'
adding 'asym_gemm/include/cutlass/gemm/kernel/sm90_gemm_tma_warpspecialized_cooperative.hpp'
adding 'asym_gemm/include/cutlass/gemm/kernel/sm90_gemm_tma_warpspecialized_pingpong.hpp'
adding 'asym_gemm/include/cutlass/gemm/kernel/sm90_gemm_warpspecialized.hpp'
adding 'asym_gemm/include/cutlass/gemm/kernel/sm90_gemm_warpspecialized_cooperative.hpp'
adding 'asym_gemm/include/cutlass/gemm/kernel/sm90_gemm_warpspecialized_pingpong.hpp'
adding 'asym_gemm/include/cutlass/gemm/kernel/sm90_tile_scheduler.hpp'
adding 'asym_gemm/include/cutlass/gemm/kernel/sm90_tile_scheduler_group.hpp'
adding 'asym_gemm/include/cutlass/gemm/kernel/sm90_tile_scheduler_stream_k.hpp'
adding 'asym_gemm/include/cutlass/gemm/kernel/sparse_gemm.h'
adding 'asym_gemm/include/cutlass/gemm/kernel/sparse_gemm_with_absmax.h'
adding 'asym_gemm/include/cutlass/gemm/kernel/sparse_gemm_with_visitor.h'
adding 'asym_gemm/include/cutlass/gemm/kernel/static_tile_scheduler.hpp'
adding 'asym_gemm/include/cutlass/gemm/kernel/symm_universal.h'
adding 'asym_gemm/include/cutlass/gemm/kernel/tile_scheduler.hpp'
adding 'asym_gemm/include/cutlass/gemm/kernel/tile_scheduler_detail.hpp'
adding 'asym_gemm/include/cutlass/gemm/kernel/tile_scheduler_params.h'
adding 'asym_gemm/include/cutlass/gemm/kernel/trmm_universal.h'
adding 'asym_gemm/include/cutlass/gemm/thread/mma.h'
adding 'asym_gemm/include/cutlass/gemm/thread/mma_sm50.h'
adding 'asym_gemm/include/cutlass/gemm/thread/mma_sm60.h'
adding 'asym_gemm/include/cutlass/gemm/thread/mma_sm61.h'
adding 'asym_gemm/include/cutlass/gemm/threadblock/default_ell_mma.h'
adding 'asym_gemm/include/cutlass/gemm/threadblock/default_gemv_core.h'
adding 'asym_gemm/include/cutlass/gemm/threadblock/default_mma.h'
adding 'asym_gemm/include/cutlass/gemm/threadblock/default_mma_core.h'
adding 'asym_gemm/include/cutlass/gemm/threadblock/default_mma_core_simt.h'
adding 'asym_gemm/include/cutlass/gemm/threadblock/default_mma_core_sm70.h'
adding 'asym_gemm/include/cutlass/gemm/threadblock/default_mma_core_sm75.h'
adding 'asym_gemm/include/cutlass/gemm/threadblock/default_mma_core_sm80.h'
adding 'asym_gemm/include/cutlass/gemm/threadblock/default_mma_core_sparse_sm80.h'
adding 'asym_gemm/include/cutlass/gemm/threadblock/default_mma_core_with_access_size.h'
adding 'asym_gemm/include/cutlass/gemm/threadblock/default_mma_core_with_reduction.h'
adding 'asym_gemm/include/cutlass/gemm/threadblock/default_mma_core_wmma.h'
adding 'asym_gemm/include/cutlass/gemm/threadblock/default_mma_layernorm_mainloop_fusion.h'
adding 'asym_gemm/include/cutlass/gemm/threadblock/default_mma_planar_complex_multistage.h'
adding 'asym_gemm/include/cutlass/gemm/threadblock/default_mma_planar_complex_pipelined.h'
adding 'asym_gemm/include/cutlass/gemm/threadblock/default_mma_softmax_mainloop_fusion.h'
adding 'asym_gemm/include/cutlass/gemm/threadblock/default_mma_with_reduction.h'
adding 'asym_gemm/include/cutlass/gemm/threadblock/default_multistage_mma_complex.h'
adding 'asym_gemm/include/cutlass/gemm/threadblock/default_multistage_mma_complex_core.h'
adding 'asym_gemm/include/cutlass/gemm/threadblock/default_multistage_mma_complex_core_sm80.h'
adding 'asym_gemm/include/cutlass/gemm/threadblock/default_multistage_trmm_complex.h'
adding 'asym_gemm/include/cutlass/gemm/threadblock/default_sparse_mma.h'
adding 'asym_gemm/include/cutlass/gemm/threadblock/default_trmm.h'
adding 'asym_gemm/include/cutlass/gemm/threadblock/ell_mma_multistage.h'
adding 'asym_gemm/include/cutlass/gemm/threadblock/ell_mma_pipelined.h'
adding 'asym_gemm/include/cutlass/gemm/threadblock/gemv.h'
adding 'asym_gemm/include/cutlass/gemm/threadblock/index_remat.h'
adding 'asym_gemm/include/cutlass/gemm/threadblock/mma_base.h'
adding 'asym_gemm/include/cutlass/gemm/threadblock/mma_blas3_multistage.h'
adding 'asym_gemm/include/cutlass/gemm/threadblock/mma_layernorm_mainloop_fusion_multistage.h'
adding 'asym_gemm/include/cutlass/gemm/threadblock/mma_multistage.h'
adding 'asym_gemm/include/cutlass/gemm/threadblock/mma_pipelined.h'
adding 'asym_gemm/include/cutlass/gemm/threadblock/mma_planar_complex_base.h'
adding 'asym_gemm/include/cutlass/gemm/threadblock/mma_planar_complex_multistage.h'
adding 'asym_gemm/include/cutlass/gemm/threadblock/mma_planar_complex_pipelined.h'
adding 'asym_gemm/include/cutlass/gemm/threadblock/mma_singlestage.h'
adding 'asym_gemm/include/cutlass/gemm/threadblock/mma_softmax_mainloop_fusion_multistage.h'
adding 'asym_gemm/include/cutlass/gemm/threadblock/mma_sparse_base.h'
adding 'asym_gemm/include/cutlass/gemm/threadblock/mma_sparse_multistage.h'
adding 'asym_gemm/include/cutlass/gemm/threadblock/mma_with_reduction_multistage.h'
adding 'asym_gemm/include/cutlass/gemm/threadblock/threadblock_swizzle.h'
adding 'asym_gemm/include/cutlass/gemm/threadblock/threadblock_swizzle_streamk.h'
adding 'asym_gemm/include/cutlass/gemm/warp/default_mma_complex_tensor_op.h'
adding 'asym_gemm/include/cutlass/gemm/warp/default_mma_sparse_tensor_op.h'
adding 'asym_gemm/include/cutlass/gemm/warp/default_mma_tensor_op.h'
adding 'asym_gemm/include/cutlass/gemm/warp/default_mma_tensor_op_sm80.h'
adding 'asym_gemm/include/cutlass/gemm/warp/default_mma_with_reduction_tensor_op.h'
adding 'asym_gemm/include/cutlass/gemm/warp/default_mma_wmma_tensor_op.h'
adding 'asym_gemm/include/cutlass/gemm/warp/layernorm_scale_bias_transform.h'
adding 'asym_gemm/include/cutlass/gemm/warp/mma.h'
adding 'asym_gemm/include/cutlass/gemm/warp/mma_complex_tensor_op.h'
adding 'asym_gemm/include/cutlass/gemm/warp/mma_complex_tensor_op_fast_f32.h'
adding 'asym_gemm/include/cutlass/gemm/warp/mma_complex_tensor_op_tile_iterator_sm80.h'
adding 'asym_gemm/include/cutlass/gemm/warp/mma_gaussian_complex_tensor_op.h'
adding 'asym_gemm/include/cutlass/gemm/warp/mma_gaussian_complex_tensor_op_tile_iterator_sm80.h'
adding 'asym_gemm/include/cutlass/gemm/warp/mma_mixed_input_tensor_op.h'
adding 'asym_gemm/include/cutlass/gemm/warp/mma_planar_complex.h'
adding 'asym_gemm/include/cutlass/gemm/warp/mma_simt.h'
adding 'asym_gemm/include/cutlass/gemm/warp/mma_simt_policy.h'
adding 'asym_gemm/include/cutlass/gemm/warp/mma_simt_tile_iterator.h'
adding 'asym_gemm/include/cutlass/gemm/warp/mma_sparse_tensor_op.h'
adding 'asym_gemm/include/cutlass/gemm/warp/mma_tensor_op.h'
adding 'asym_gemm/include/cutlass/gemm/warp/mma_tensor_op_fast_f32.h'
adding 'asym_gemm/include/cutlass/gemm/warp/mma_tensor_op_fragment_iterator.h'
adding 'asym_gemm/include/cutlass/gemm/warp/mma_tensor_op_policy.h'
adding 'asym_gemm/include/cutlass/gemm/warp/mma_tensor_op_sm70.h'
adding 'asym_gemm/include/cutlass/gemm/warp/mma_tensor_op_tile_access_iterator.h'
adding 'asym_gemm/include/cutlass/gemm/warp/mma_tensor_op_tile_iterator.h'
adding 'asym_gemm/include/cutlass/gemm/warp/mma_tensor_op_tile_iterator_sm70.h'
adding 'asym_gemm/include/cutlass/gemm/warp/mma_tensor_op_tile_iterator_sm80.h'
adding 'asym_gemm/include/cutlass/gemm/warp/mma_tensor_op_tile_iterator_sparse.h'
adding 'asym_gemm/include/cutlass/gemm/warp/mma_tensor_op_tile_iterator_wmma.h'
adding 'asym_gemm/include/cutlass/gemm/warp/mma_tensor_op_wmma.h'
adding 'asym_gemm/include/cutlass/gemm/warp/mma_with_reduction_tensor_op.h'
adding 'asym_gemm/include/cutlass/gemm/warp/scale_bias_tile_iterator.h'
adding 'asym_gemm/include/cutlass/gemm/warp/softmax_scale_bias_transform.h'
adding 'asym_gemm/include/cutlass/gemm/warp/tile_iterator_planar_complex.h'
adding 'asym_gemm/include/cutlass/layout/layout.h'
adding 'asym_gemm/include/cutlass/layout/matrix.h'
adding 'asym_gemm/include/cutlass/layout/permute.h'
adding 'asym_gemm/include/cutlass/layout/pitch_linear.h'
adding 'asym_gemm/include/cutlass/layout/tensor.h'
adding 'asym_gemm/include/cutlass/layout/tensor_op_multiplicand_sm70.h'
adding 'asym_gemm/include/cutlass/layout/tensor_op_multiplicand_sm75.h'
adding 'asym_gemm/include/cutlass/layout/tensor_op_multiplicand_sm80.h'
adding 'asym_gemm/include/cutlass/layout/vector.h'
adding 'asym_gemm/include/cutlass/pipeline/pipeline.hpp'
adding 'asym_gemm/include/cutlass/pipeline/sm100_pipeline.hpp'
adding 'asym_gemm/include/cutlass/pipeline/sm90_pipeline.hpp'
adding 'asym_gemm/include/cutlass/platform/platform.h'
adding 'asym_gemm/include/cutlass/reduction/threadblock_swizzle.h'
adding 'asym_gemm/include/cutlass/reduction/device/reduce_split_k.h'
adding 'asym_gemm/include/cutlass/reduction/device/tensor_reduce.h'
adding 'asym_gemm/include/cutlass/reduction/device/tensor_reduce_affine_contiguous.h'
adding 'asym_gemm/include/cutlass/reduction/device/tensor_reduce_affine_strided.h'
adding 'asym_gemm/include/cutlass/reduction/kernel/reduce_softmax_final.h'
adding 'asym_gemm/include/cutlass/reduction/kernel/reduce_split_k.h'
adding 'asym_gemm/include/cutlass/reduction/kernel/tensor_reduce_affine_contiguous.h'
adding 'asym_gemm/include/cutlass/reduction/kernel/tensor_reduce_affine_strided.h'
adding 'asym_gemm/include/cutlass/reduction/thread/reduce.h'
adding 'asym_gemm/include/cutlass/reduction/thread/reduction_operators.h'
adding 'asym_gemm/include/cutlass/thread/matrix.h'
adding 'asym_gemm/include/cutlass/transform/pitch_linear_thread_map.h'
adding 'asym_gemm/include/cutlass/transform/collective/sm90_wgmma_transpose.hpp'
adding 'asym_gemm/include/cutlass/transform/device/transform_universal_adapter.hpp'
adding 'asym_gemm/include/cutlass/transform/kernel/filter_format_transformer.hpp'
adding 'asym_gemm/include/cutlass/transform/kernel/sm90_sparse_gemm_compressor.hpp'
adding 'asym_gemm/include/cutlass/transform/kernel/sparse_gemm_compressor.hpp'
adding 'asym_gemm/include/cutlass/transform/thread/transpose.h'
adding 'asym_gemm/include/cutlass/transform/thread/unary_op.h'
adding 'asym_gemm/include/cutlass/transform/threadblock/ell_iterator.h'
adding 'asym_gemm/include/cutlass/transform/threadblock/ell_predicated_tile_access_iterator.h'
adding 'asym_gemm/include/cutlass/transform/threadblock/ell_predicated_tile_iterator.h'
adding 'asym_gemm/include/cutlass/transform/threadblock/predicated_scale_bias_vector_access_iterator.h'
adding 'asym_gemm/include/cutlass/transform/threadblock/predicated_scale_bias_vector_iterator.h'
adding 'asym_gemm/include/cutlass/transform/threadblock/predicated_tile_access_iterator.h'
adding 'asym_gemm/include/cutlass/transform/threadblock/predicated_tile_access_iterator_2dthreadtile.h'
adding 'asym_gemm/include/cutlass/transform/threadblock/predicated_tile_access_iterator_params.h'
adding 'asym_gemm/include/cutlass/transform/threadblock/predicated_tile_access_iterator_triangular_matrix.h'
adding 'asym_gemm/include/cutlass/transform/threadblock/predicated_tile_iterator.h'
adding 'asym_gemm/include/cutlass/transform/threadblock/predicated_tile_iterator_2dthreadtile.h'
adding 'asym_gemm/include/cutlass/transform/threadblock/predicated_tile_iterator_triangular_matrix.h'
adding 'asym_gemm/include/cutlass/transform/threadblock/predicated_vector_access_iterator.h'
adding 'asym_gemm/include/cutlass/transform/threadblock/regular_scale_bias_vector_access_iterator.h'
adding 'asym_gemm/include/cutlass/transform/threadblock/regular_tile_access_iterator.h'
adding 'asym_gemm/include/cutlass/transform/threadblock/regular_tile_access_iterator_pitch_linear.h'
adding 'asym_gemm/include/cutlass/transform/threadblock/regular_tile_access_iterator_pitch_linear_direct_conv.h'
adding 'asym_gemm/include/cutlass/transform/threadblock/regular_tile_access_iterator_tensor_op.h'
adding 'asym_gemm/include/cutlass/transform/threadblock/regular_tile_access_iterator_tensor_op_sm80.h'
adding 'asym_gemm/include/cutlass/transform/threadblock/regular_tile_iterator.h'
adding 'asym_gemm/include/cutlass/transform/threadblock/regular_tile_iterator_pitch_linear.h'
adding 'asym_gemm/include/cutlass/transform/threadblock/regular_tile_iterator_pitch_linear_2dthreadtile.h'
adding 'asym_gemm/include/cutlass/transform/threadblock/regular_tile_iterator_tensor_op.h'
adding 'asym_gemm/include/cutlass/transform/threadblock/regular_tile_iterator_tensor_op_sm70.h'
adding 'asym_gemm/include/cutlass/transform/threadblock/vector_iterator.h'
adding 'asym_gemm/include/cutlass/transform/warp/vector_fragment_iterator.h'
adding 'asym_gemm/legacy/__init__.py'
adding 'asym_gemm/legacy/a_fused_k_grouped_gemm.py'
adding 'asym_gemm/legacy/a_fused_m_grouped_gemm.py'
adding 'asym_gemm/legacy/b_fused_k_grouped_gemm.py'
adding 'asym_gemm/legacy/m_grouped_gemm.py'
adding 'asym_gemm/legacy/tune_options.py'
adding 'asym_gemm/testing/__init__.py'
adding 'asym_gemm/testing/bench.py'
adding 'asym_gemm/testing/numeric.py'
adding 'asym_gemm/testing/utils.py'
adding 'asym_gemm/utils/__init__.py'
adding 'asym_gemm/utils/layout.py'
adding 'asym_gemm/utils/math.py'
adding 'asym_gemm-2.2.0+1f0e3d7.dist-info/licenses/LICENSE'
adding 'asym_gemm-2.2.0+1f0e3d7.dist-info/METADATA'
adding 'asym_gemm-2.2.0+1f0e3d7.dist-info/WHEEL'
adding 'asym_gemm-2.2.0+1f0e3d7.dist-info/top_level.txt'
adding 'asym_gemm-2.2.0+1f0e3d7.dist-info/RECORD'
removing build/bdist.linux-aarch64/wheel
Processing ./dist/asym_gemm-2.2.0+1f0e3d7-cp312-cp312-linux_aarch64.whl
Installing collected packages: asym-gemm
  Attempting uninstall: asym-gemm
    Found existing installation: asym_gemm 2.2.0+1f0e3d7
    Uninstalling asym_gemm-2.2.0+1f0e3d7:
      Successfully uninstalled asym_gemm-2.2.0+1f0e3d7
Successfully installed asym-gemm-2.2.0+1f0e3d7
WARNING: Running pip as the 'root' user can result in broken permissions and conflicting behaviour with the system package manager, possibly rendering your system unusable. It is recommended to use a virtual environment instead: https://pip.pypa.io/warnings/venv. Use the --root-user-action option if you know what you are doing and want to suppress this warning.
